stage,side,H,kappa_bp_side,fee_bp_mean,gross_session_mean,net_session_mean,net_ci_lo,net_ci_hi,net_p_one_nw,net_event_mean,n_events
TRAIN,up_disp_short,5,0.0,4.581799999999999,1.0060335283090474,-3.5757664716909536,-6.090110157670262,-0.9804010210756788,0.9967819585563392,-4.945352131157647,1827
TRAIN,up_disp_short,5,1.0,4.581799999999999,1.0060335283090474,-5.575766471690953,-8.090110157670262,-2.9804010210756786,0.9999870688562381,-6.945352131157647,1827
TRAIN,up_disp_short,5,2.75,4.581799999999999,1.0060335283090474,-9.075766471690955,-11.590110157670264,-6.480401021075679,0.99999999998744,-10.445352131157648,1827
TRAIN,up_disp_short,5,5.0,4.581799999999999,1.0060335283090474,-13.575766471690955,-16.09011015767026,-10.980401021075677,1.0,-14.945352131157648,1827
TRAIN,up_disp_short,10,0.0,4.581799999999999,0.42792026778990944,-4.153879732210091,-7.823873586209891,-0.25541180666553376,0.9846276532973143,-7.889269886353261,1827
TRAIN,up_disp_short,10,1.0,4.581799999999999,0.42792026778990944,-6.153879732210091,-9.82387358620989,-2.2554118066655335,0.9992734447771412,-9.889269886353262,1827
TRAIN,up_disp_short,10,2.75,4.581799999999999,0.42792026778990944,-9.65387973221009,-13.32387358620989,-5.755411806665534,0.9999995834433578,-13.389269886353262,1827
TRAIN,up_disp_short,10,5.0,4.581799999999999,0.42792026778990944,-14.153879732210092,-17.823873586209892,-10.255411806665533,0.9999999999990948,-17.88926988635326,1827
TRAIN,up_disp_short,15,0.0,4.581799999999999,-0.7499007838139227,-5.331700783813922,-9.53214055471818,-1.0428772296229951,0.9923435947325602,-9.427625028900495,1827
TRAIN,up_disp_short,15,1.0,4.581799999999999,-0.7499007838139227,-7.331700783813923,-11.53214055471818,-3.042877229622996,0.9995470607930003,-11.427625028900495,1827
TRAIN,up_disp_short,15,2.75,4.581799999999999,-0.7499007838139227,-10.831700783813922,-15.032140554718183,-6.542877229622996,0.9999993640677693,-14.927625028900495,1827
TRAIN,up_disp_short,15,5.0,4.581799999999999,-0.7499007838139227,-15.331700783813922,-19.532140554718183,-11.042877229622993,0.99999999999056,-19.427625028900493,1827
TRAIN,up_disp_short,30,0.0,4.581799999999999,-1.2821457355229027,-5.863945735522903,-12.096346613113823,0.4320506934774776,0.9654523334220377,-11.565838964997603,1826
TRAIN,up_disp_short,30,1.0,4.581799999999999,-1.2821457355229027,-7.863945735522901,-14.096346613113823,-1.5679493065225225,0.9924868410553715,-13.565838964997603,1826
TRAIN,up_disp_short,30,2.75,4.581799999999999,-1.2821457355229027,-11.363945735522902,-17.596346613113823,-5.0679493065225225,0.9997612088750693,-17.065838964997607,1826
TRAIN,up_disp_short,30,5.0,4.581799999999999,-1.2821457355229027,-15.863945735522902,-22.096346613113823,-9.567949306522523,0.9999992989197735,-21.565838964997607,1826
TRAIN,up_disp_short,60,0.0,4.581799999999999,-2.170512435412697,-6.752312435412696,-14.204555538336377,0.52964196216663,0.9616059780203913,-12.724581609477275,1826
TRAIN,up_disp_short,60,1.0,4.581799999999999,-2.170512435412697,-8.752312435412696,-16.204555538336376,-1.4703580378333696,0.9889660079818164,-14.724581609477271,1826
TRAIN,up_disp_short,60,2.75,4.581799999999999,-2.170512435412697,-12.252312435412696,-19.704555538336376,-4.970358037833369,0.9992876515063147,-18.22458160947727,1826
TRAIN,up_disp_short,60,5.0,4.581799999999999,-2.170512435412697,-16.752312435412694,-24.204555538336372,-9.47035803783337,0.9999923934494317,-22.72458160947727,1826
TRAIN,down_disp_long,5,0.0,4.5818,4.151142955856521,-0.4306570441434787,-4.244778458600721,3.2363676714675433,0.5901500619977957,-3.2983391686731283,1841
TRAIN,down_disp_long,5,1.0,4.5818,4.151142955856521,-2.4306570441434783,-6.244778458600721,1.2363676714675431,0.9004854692390061,-5.298339168673128,1841
TRAIN,down_disp_long,5,2.75,4.5818,4.151142955856521,-5.930657044143478,-9.744778458600724,-2.2636323285324567,0.9990569394225307,-8.798339168673127,1841
TRAIN,down_disp_long,5,5.0,4.5818,4.151142955856521,-10.430657044143478,-14.24477845860072,-6.7636323285324575,0.9999999577083638,-13.298339168673127,1841
TRAIN,down_disp_long,10,0.0,4.5818,7.521491877835038,2.9396918778350374,-1.4244745761247017,7.336504712034128,0.09259532221684158,-5.525615772298849,1841
TRAIN,down_disp_long,10,1.0,4.5818,7.521491877835038,0.9396918778350377,-3.424474576124702,5.336504712034128,0.33570246535715487,-7.525615772298849,1841
TRAIN,down_disp_long,10,2.75,4.5818,7.521491877835038,-2.5603081221649617,-6.924474576124702,1.8365047120341282,0.8758437009543089,-11.025615772298849,1841
TRAIN,down_disp_long,10,5.0,4.5818,7.521491877835038,-7.060308122164963,-11.424474576124704,-2.6634952879658726,0.9991975909790116,-15.525615772298849,1841
TRAIN,down_disp_long,15,0.0,4.5818,8.257767200287656,3.6759672002876536,-1.7240882223204372,9.321150570947939,0.09623533843094063,-6.352346414223714,1841
TRAIN,down_disp_long,15,1.0,4.5818,8.257767200287656,1.6759672002876533,-3.724088222320437,7.321150570947939,0.27590792140825976,-8.352346414223714,1841
TRAIN,down_disp_long,15,2.75,4.5818,8.257767200287656,-1.8240327997123464,-7.224088222320438,3.821150570947938,0.7413675199208716,-11.852346414223714,1841
TRAIN,down_disp_long,15,5.0,4.5818,8.257767200287656,-6.324032799712347,-11.724088222320438,-0.6788494290520629,0.9872745682031144,-16.352346414223714,1841
TRAIN,down_disp_long,30,0.0,4.5818,12.54179644876646,7.959996448766462,1.5115545524333422,14.960925797800131,0.010500220193747427,-6.327960707347312,1841
TRAIN,down_disp_long,30,1.0,4.5818,12.54179644876646,5.959996448766462,-0.48844544756665703,12.96092579780013,0.0416121635883111,-8.327960707347312,1841
TRAIN,down_disp_long,30,2.75,4.5818,12.54179644876646,2.4599964487664616,-3.988445447566658,9.460925797800126,0.23673276151532818,-11.827960707347312,1841
TRAIN,down_disp_long,30,5.0,4.5818,12.54179644876646,-2.0400035512335384,-8.488445447566656,4.960925797800128,0.7239323563370716,-16.327960707347316,1841
TRAIN,down_disp_long,60,0.0,4.5818,19.831821234516607,15.250021234516609,6.913367631882769,23.99314916048956,0.0002456272815539637,-10.092072151589498,1841
TRAIN,down_disp_long,60,1.0,4.5818,19.831821234516607,13.250021234516609,4.913367631882769,21.99314916048956,0.001192177944250431,-12.092072151589498,1841
TRAIN,down_disp_long,60,2.75,4.5818,19.831821234516607,9.750021234516609,1.4133676318827697,18.49314916048956,0.012382671764978837,-15.592072151589498,1841
TRAIN,down_disp_long,60,5.0,4.5818,19.831821234516607,5.250021234516609,-3.086632368117229,13.993149160489558,0.11249376319546095,-20.092072151589498,1841
TRAIN,pooled,5,0.0,4.581799999999999,1.7973850606010988,-2.7844149393989017,-4.773872727867674,-0.8069175064811789,0.9969394173518863,-4.118702495406829,3668
TRAIN,pooled,5,1.0,4.581799999999999,1.7973850606010988,-4.784414939398902,-6.773872727867674,-2.806917506481179,0.9999983385405432,-6.118702495406829,3668
TRAIN,pooled,5,2.75,4.581799999999999,1.7973850606010988,-8.284414939398902,-10.273872727867674,-6.306917506481179,0.999999999999996,-9.61870249540683,3668
TRAIN,pooled,5,5.0,4.581799999999999,1.7973850606010988,-12.784414939398902,-14.773872727867674,-10.806917506481179,1.0,-14.11870249540683,3668
TRAIN,pooled,10,0.0,4.581799999999999,0.8326111921422975,-3.749188807857703,-6.256407344873921,-1.1531564788941746,0.9975726755613271,-6.702932039032058,3668
TRAIN,pooled,10,1.0,4.581799999999999,0.8326111921422975,-5.749188807857704,-8.256407344873919,-3.1531564788941746,0.9999905809054552,-8.702932039032058,3668
TRAIN,pooled,10,2.75,4.581799999999999,0.8326111921422975,-9.249188807857703,-11.75640734487392,-6.653156478894175,0.9999999999905597,-12.202932039032056,3668
TRAIN,pooled,10,5.0,4.581799999999999,0.8326111921422975,-13.749188807857703,-16.256407344873924,-11.153156478894175,1.0,-16.70293203903206,3668
TRAIN,pooled,15,0.0,4.581799999999999,-0.4311585339949968,-5.012958533994997,-8.445135398177333,-1.5752295065213306,0.9976259786332188,-7.884116869244018,3668
TRAIN,pooled,15,1.0,4.581799999999999,-0.4311585339949968,-7.012958533994997,-10.445135398177333,-3.575229506521331,0.9999563638832594,-9.884116869244018,3668
TRAIN,pooled,15,2.75,4.581799999999999,-0.4311585339949968,-10.512958533994997,-13.945135398177333,-7.07522950652133,0.9999999963659012,-13.384116869244018,3668
TRAIN,pooled,15,5.0,4.581799999999999,-0.4311585339949968,-15.012958533994997,-18.44513539817733,-11.575229506521332,0.9999999999999994,-17.88411686924402,3668
TRAIN,pooled,30,0.0,4.581799999999999,-0.17448296103992933,-4.756282961039929,-8.8111213295484,-0.8238883607828045,0.990062978302111,-8.9361869681789,3667
TRAIN,pooled,30,1.0,4.581799999999999,-0.17448296103992933,-6.756282961039929,-10.8111213295484,-2.823888360782804,0.9995020003723877,-10.9361869681789,3667
TRAIN,pooled,30,2.75,4.581799999999999,-0.17448296103992933,-10.256282961039929,-14.311121329548401,-6.323888360782805,0.9999995998347229,-14.4361869681789,3667
TRAIN,pooled,30,5.0,4.581799999999999,-0.17448296103992933,-14.756282961039929,-18.8111213295484,-10.823888360782806,0.9999999999981105,-18.936186968178898,3667
TRAIN,pooled,60,0.0,4.581799999999999,-0.43248011419195875,-5.0142801141919575,-9.94811527445959,-0.04649239022325322,0.9741581313571434,-11.402942691568521,3667
TRAIN,pooled,60,1.0,4.581799999999999,-0.43248011419195875,-7.0142801141919575,-11.94811527445959,-2.0464923902232526,0.9966661894965317,-13.40294269156852,3667
TRAIN,pooled,60,2.75,4.581799999999999,-0.43248011419195875,-10.514280114191957,-15.448115274459589,-5.5464923902232535,0.9999725555478177,-16.902942691568523,3667
TRAIN,pooled,60,5.0,4.581799999999999,-0.43248011419195875,-15.01428011419196,-19.94811527445959,-10.046492390223253,0.9999999931156791,-21.40294269156852,3667
