quarter,side,H,stage,n_events,n_sessions,raw_event_mean,raw_session_mean,ex_event_mean,ex_session_mean
2023Q2,down_disp_long,10,TRAIN,289,39,2.5201967318076925,2.9142183788344393,2.9191443274071776,2.494325733567888
2023Q2,down_disp_long,30,TRAIN,289,39,3.994810141660656,12.245025432799487,3.7666625977681085,10.434500709095934
2023Q2,up_disp_short,10,TRAIN,329,42,-0.4088132045581627,-1.961314579970787,-1.0899718558066769,-2.7215640122143467
2023Q2,up_disp_short,30,TRAIN,329,42,-9.722826573288991,-10.399950426187736,-10.358828329746004,-12.031679270026986
2023Q3,down_disp_long,10,TRAIN,371,58,1.0527850207641012,1.8355342242737867,3.532004361571016,1.9351796988650982
2023Q3,down_disp_long,30,TRAIN,371,58,4.431396922012352,0.4340925232383379,4.255204323374985,-1.274305436016242
2023Q3,up_disp_short,10,TRAIN,391,61,-4.817683534218624,-1.6303315467382988,-5.269736804257524,-2.8863161496478744
2023Q3,up_disp_short,30,TRAIN,391,61,-13.33357607930239,-4.1094298174934645,-13.355491669149423,-6.433512440777873
2023Q4,down_disp_long,10,TRAIN,424,53,3.064606853683488,15.33960034999796,5.765817871811855,13.91642054918039
2023Q4,down_disp_long,30,TRAIN,424,53,-1.3034874404579644,19.247680030937154,6.280355883401037,15.406362153788805
2023Q4,up_disp_short,10,TRAIN,422,58,-7.647015751579181,-3.9835685294579646,-8.13181345953427,-4.9964655959072495
2023Q4,up_disp_short,30,TRAIN,422,58,-9.836995283527674,-0.12789272862966303,-9.44480398208809,-1.7690067939800207
2024Q1,down_disp_long,10,TRAIN,389,49,5.545331935899992,9.700102376472904,3.6304782805300495,5.94053767727517
2024Q1,down_disp_long,30,TRAIN,389,49,9.197136770970882,10.392281528060048,2.7247577594202608,2.0372004094663647
2024Q1,up_disp_short,10,TRAIN,290,52,6.565305672297402,10.955540076456137,6.599114211818364,7.1638178841036035
2024Q1,up_disp_short,30,TRAIN,290,52,8.562458098321663,17.858103103382827,7.95961725327477,12.43550632299859
2024Q2,down_disp_long,10,TRAIN,368,43,-17.154924902241806,7.250737154804475,7.1589125236472135,6.267572239086268
2024Q2,down_disp_long,30,TRAIN,368,43,-24.560428751050026,23.326338275810894,11.655915054736074,19.52610458495889
2024Q2,up_disp_short,10,TRAIN,395,52,-6.839067529083854,-0.8349384921735017,-6.10216016179397,-1.4940943098924355
2024Q2,up_disp_short,30,TRAIN,395,52,-6.783040099824663,-11.028828197345565,-5.461532977961277,-12.183920039366553
2024Q3,down_disp_long,10,VAL,422,48,29.831103362375206,20.676447127714365,11.662257075330714,15.683429647952972
2024Q3,down_disp_long,30,VAL,422,48,41.54429214626365,29.195635982924358,15.202640045861342,16.9725853037038
2024Q3,up_disp_short,10,VAL,257,55,-0.9978560909042583,4.404764530998711,-1.3266195460384351,2.9307737549932664
2024Q3,up_disp_short,30,VAL,257,55,-8.654530927660044,-3.7204499074855346,-8.823113010482093,-6.317901631410612
2024Q4,down_disp_long,10,VAL,383,51,1.0893353513347417,11.282734625862208,1.1614319309786367,8.713226032419373
2024Q4,down_disp_long,30,VAL,383,51,-3.833753014146594,12.260778983890447,0.27314439990454575,10.38523519177454
2024Q4,up_disp_short,10,VAL,282,51,1.8035519963789606,8.463275829706943,3.147081211180537,7.29293980327111
2024Q4,up_disp_short,30,VAL,282,51,-1.9778542391339833,7.21183785130873,1.2030644474634231,3.430548477840042
2025Q1,down_disp_long,10,VAL,614,51,5.22751782833004,1.934120480690376,3.8518233960526467,-0.6989189991073401
2025Q1,down_disp_long,30,VAL,614,51,14.00691785925422,15.151259235995257,6.372747240649828,5.102704801884915
2025Q1,up_disp_short,10,VAL,492,55,0.14456544193624324,4.301760926003006,-0.0953266974853528,2.5278022205645754
2025Q1,up_disp_short,30,VAL,492,55,-1.2745359325683763,7.57224530947652,-1.0109933646651392,2.875682021288066
2025Q2,down_disp_long,10,HOLDOUT,428,47,0.4514678160225726,15.963817420609496,2.875153266862605,14.672851453211866
2025Q2,down_disp_long,30,HOLDOUT,428,47,8.958717952714782,20.627019413842795,3.7929677650070115,16.38748256295137
2025Q2,up_disp_short,10,HOLDOUT,441,59,-1.0457390676054714,-0.6390518263349612,-0.9444444651090748,-3.1875886427128197
2025Q2,up_disp_short,30,HOLDOUT,441,59,-4.694530217828164,2.245578388679233,-1.3333499556103439,-0.31238089564364874
2025Q3,down_disp_long,10,HOLDOUT,663,63,2.9300642470731884,-1.332603254760753,1.5741024602564104,-3.26753203393628
2025Q3,down_disp_long,30,HOLDOUT,663,63,4.784213666959679,1.951227806979859,5.358854315984124,0.19778947485666495
2025Q3,up_disp_short,10,HOLDOUT,623,64,-3.0194034613618865,-2.4290899472611542,-2.4552427590543275,-2.611408565610319
2025Q3,up_disp_short,30,HOLDOUT,623,64,-2.5829248779788663,-7.8334352288698295,-3.002888272606465,-10.11098392612539
2025Q4,down_disp_long,10,HOLDOUT,425,58,0.43510900952099907,-0.12569561286182734,1.0075391658835304,-1.1525845674065645
2025Q4,down_disp_long,30,HOLDOUT,425,58,-0.03542805205957527,-2.8279845655944102,1.0627555442531453,-5.288774086470956
2025Q4,up_disp_short,10,HOLDOUT,607,60,-1.059959575112492,0.20782011306685283,0.41042511848699625,0.5150413724717071
2025Q4,up_disp_short,30,HOLDOUT,607,60,-1.6069194157293933,1.1222971865607603,-0.5779127347293336,-0.007034439119216529
2026Q1,down_disp_long,10,HOLDOUT,815,57,-0.1386031832993057,1.2777697789925389,-1.63098635179827,-1.4637382970809343
2026Q1,down_disp_long,30,HOLDOUT,815,57,0.21258540105416146,0.5301914302115442,-1.5413373248860416,-5.343219555897582
2026Q1,up_disp_short,10,HOLDOUT,513,55,-0.8298150841234969,-3.185837994524616,-2.4688999054296463,-5.505667517824597
2026Q1,up_disp_short,30,HOLDOUT,513,55,2.6520926455634535,4.750373986365246,-1.9834203971481896,-2.8615096410050636
2026Q2,down_disp_long,10,HOLDOUT,296,55,-8.631882307353079,-4.335201072026601,-8.477039666357479,-5.654551792068612
2026Q2,down_disp_long,30,HOLDOUT,296,55,-0.0708782465454457,5.215331873773495,-2.121046301113236,0.32127842143416624
2026Q2,up_disp_short,10,HOLDOUT,440,60,-3.748477811341596,-2.086851263445005,-2.253486358398306,-1.9469146450221866
2026Q2,up_disp_short,30,HOLDOUT,440,60,3.4520560440495207,8.797605488151012,5.819055829127505,7.819176972608563
2026Q3,down_disp_long,10,HOLDOUT,493,62,-1.3598187264841262,1.6527585557671336,1.1820432316878382,1.6005100720398937
2026Q3,down_disp_long,30,HOLDOUT,493,62,-5.155399715327483,2.464199221908816,0.1996896640283745,1.479482533845839
2026Q3,up_disp_short,10,HOLDOUT,708,64,2.057729536740727,1.00848975196605,2.3646734757260175,0.6057194497288034
2026Q3,up_disp_short,30,HOLDOUT,708,64,4.2795262674059655,3.1034959774960513,5.691110250568605,2.4640205444299257
