stage,side,H,n_all_events,n_nan,nan_share,n_events,n_names,n_sessions,mean_bp_event,median_bp_event,sd_event,skew,kurt,frac_pos,q01,q05,q10,q25,q50,q75,q90,q95,q99,session_mean_bp,session_sd_bp,nw_se,nw_t,p_one_nw,p_two_nw,nw_lag,ac1_sessions,ci_lo,ci_hi,p_one_boot,cluster_t,cluster_p_one,cluster_se,cohen_d_session,mde_bp_80,mfe_mean,mfe_median,mae_mean,mae_median,frac_toward_vwap_static,frac_toward_vwap_moving,dstat_mean_bp,dstat_median_bp,dmov_mean_bp,dmov_median_bp,excess_mean_bp,p_holm_all10
TRAIN,up_disp_short,5,1764,0,0.0,1764,140,265,-1.2694182456451826,0.7990553644937615,43.651372913185256,-0.7227492150209845,18.466004281569642,0.5045351473922902,-135.47090784778555,-68.8145899410395,-46.696821013844314,-20.830175332596234,0.7990553644937615,19.910271247305655,40.58129586857617,57.832799572483395,107.26957624421678,0.7500634932251516,26.1952604738998,1.4119621061177203,0.5312206963453849,0.29785624990820353,0.5957124998164071,4,-0.07602450497719762,-2.0270166178566753,3.6386267475859384,0.3004,-0.9848623003687511,0.8367985460913623,1.2889296759251403,0.028633557355632833,4.001141007036198,27.796571422146002,20.390245837417773,-31.344535480760918,-20.428930564415637,0.5045351473922902,0.6751700680272109,1.5415599046142736,-0.8090554510340646,-12.42511815354666,-10.361452057039049,-1.4702396083786886,1.0
TRAIN,up_disp_short,10,1764,0,0.0,1764,140,265,-4.738043559369311,0.41445637922299383,56.33989995032894,-0.8041625754706073,8.033647003693464,0.5034013605442177,-179.2634749559288,-94.76590044950595,-69.35054331678447,-28.37455736014627,0.41445637922299383,25.053484369642888,49.58033041173648,68.90556212956102,124.68704381607799,0.16563734770936775,33.098256623931924,1.9065147689991364,0.0868796562201941,0.4654165145338944,0.9308330290677888,4,-0.017095081736042968,-3.5572917077165185,4.014396885471467,0.4617,-2.899416086215359,0.9978267135387201,1.6341371567521148,0.005004413059919371,5.055524909606136,36.37079288480532,27.858960055451853,-42.944148184669814,-27.634129333614645,0.5034013605442177,0.6899092970521542,5.3627251503883,-0.4216765916245194,-17.316295459217848,-17.10323929224524,-4.6791542592672375,1.0
TRAIN,up_disp_short,15,1764,0,0.0,1764,140,265,-5.717566595418304,1.6897265311616172,69.34826683652366,-1.2209875918577262,11.41436841929118,0.5090702947845805,-223.61775107046816,-116.46555094256183,-85.42541140759762,-34.400703417961644,1.6897265311616172,31.039974186090888,59.55844608724615,86.74007468853111,138.03310710111256,-1.015592957941824,37.800844680293665,2.2409712700730497,-0.4531932075633965,0.674609060659368,0.6507818786812639,4,-0.02586205726947968,-5.361743225159309,3.4599761374007407,0.6729,-2.817566791404512,0.9972277203291953,2.0292568086977587,-0.026866938200226852,5.773812018461383,42.5662219384156,32.22665678946635,-51.468719641900144,-32.62641666645249,0.5085034013605442,0.7080498866213152,6.585165764780812,-1.4830190598667858,-23.250038914262486,-22.60518366670373,-5.790793217712319,1.0
TRAIN,up_disp_short,30,1764,1,0.0005668934240362812,1763,140,265,-8.478047554765341,0.0,87.59870474400519,-0.7124509962300338,7.614151960412265,0.4923425978445831,-285.39643637326316,-153.79016913815113,-109.67659609719325,-46.47757458633106,0.0,38.61448238614062,79.74012842040267,112.23487269277555,190.48677346740692,-0.9617582110107318,48.111077317260516,3.2635933834839537,-0.2946930263671619,0.6157700056315119,0.7684599887369762,4,0.036677623890943895,-7.429881907081797,5.404700926967855,0.6105,-2.4997114172995745,0.9932037594567953,3.391610525955885,-0.019990369466652697,7.348627227378814,54.55749871280526,42.02834441711101,-68.87043152468148,-44.3360657911418,0.4906409529211571,0.7464549064095292,10.568777823333129,0.0,-34.7636187273923,-32.166579424511355,-7.9556311678273985,1.0
TRAIN,up_disp_short,60,1764,0,0.0,1764,140,265,-11.464950862292657,-3.2497450733803834,114.49479546444317,-0.9595007618027414,14.390366513238284,0.47732426303854875,-360.9025106773718,-192.54672302653228,-134.35618061167287,-59.10461065019579,-3.2497450733803834,46.89192723159818,97.60328930650445,133.82117150831053,251.7416506682801,-4.379683671895048,62.87449920918687,3.8479904664662077,-1.1381742522655258,0.8719602186846958,0.2560795626306086,4,-0.030833929827227925,-12.075740253630405,3.156453673013915,0.8716,-2.241338808544384,0.9867053513297341,5.11522435545497,-0.06965755158261544,9.603635639866967,68.85865479273086,51.465920045652425,-90.39973188357469,-58.77581184069669,0.47392290249433106,0.7947845804988662,17.23913077929408,4.022957319435578,-47.580353110632984,-45.843715049446644,-10.305817551257269,1.0
TRAIN,down_disp_long,5,1770,0,0.0,1770,140,237,1.0192485978786539,2.0787218458251377,48.75829522944612,-0.33016138162395736,14.257091130345021,0.5305084745762711,-162.98003513505375,-71.35578319058317,-43.664074032070396,-15.383220108461382,2.0787218458251377,21.758033790344466,45.12824680123664,67.39426245263402,123.7297582163393,3.5221750525205846,29.90729514714155,1.9749174974766133,1.7834542744296555,0.037898712600625314,0.07579742520125063,4,-0.0001786593739590923,-0.3981289629763521,7.369474625874581,0.0369,0.4062643009602597,0.3425865969069461,2.508831308755222,0.11776976270143319,4.83044382974436,30.87615613336479,20.887672116870483,-31.406477775816647,-17.60843111407784,0.5305084745762711,0.6440677966101694,-0.9540600802549669,-2.043138807275348,-10.473460531669321,-9.07005950104089,3.9839443150316765,0.2273922756037519
TRAIN,down_disp_long,10,1770,1,0.0005649717514124294,1769,140,237,-1.436857550597411,3.5287969537556307,64.60962936426579,-0.5695787731331557,7.956591524505306,0.5262860373092142,-231.86191299428293,-109.9691228556514,-65.58800488043914,-24.009603841537164,3.5287969537556307,28.79364181044286,60.84644378300164,84.82834508407359,152.26862831578907,5.644112755945304,37.24183639407412,2.250194437280917,2.508277801435471,0.006402164336686287,0.012804328673372573,4,-0.015054589676518803,1.4036164330447376,10.151517715721862,0.0082,-0.28589009726076475,0.6123060430451555,5.025908782306759,0.1515530194650495,6.015074179494901,39.462735418047856,27.64403342845334,-45.540956948508985,-25.529352603477218,0.5262860373092142,0.671000565291125,1.5235432185082554,-3.4376188423207386,-14.700909583559651,-14.664578841566307,4.883970367252853,0.05121731469349029
TRAIN,down_disp_long,15,1770,0,0.0,1770,140,237,-1.6793140040238463,4.94860474606118,76.70810260170073,-0.7508055997058867,8.701638017761239,0.53954802259887,-289.0953963182485,-122.90777219456838,-72.70530024619391,-24.682717768055305,4.94860474606118,32.034044508174595,65.43959986410736,93.89509326110209,168.43340430408745,7.9045267397727965,47.1400853443563,2.857176275719463,2.766551999939998,0.0030569551858871252,0.0061139103717742505,4,-0.04428311236093454,2.6005594463111206,13.658901921432133,0.0037,-0.22848880721313602,0.5901989698716564,7.349655436107949,0.16768163829213648,7.613778954765558,45.69005622448872,32.470982383365765,-55.79037210790568,-30.345063359671354,0.5389830508474577,0.7129943502824859,2.108441414314751,-4.852407596591941,-19.407508495327335,-18.571958447443194,5.811310106895391,0.027512596672984127
TRAIN,down_disp_long,30,1770,1,0.0005649717514124294,1769,140,237,-4.414003992331756,3.998034477663559,105.99045201307231,-1.526277648339598,10.52254601822998,0.5251554550593556,-423.6011385622994,-160.8307455499742,-93.75902464399209,-36.19097179185404,3.998034477663559,40.98390205063751,86.27471879749926,128.32698157114427,225.85338343820737,9.129478390428723,60.58529745218575,3.7393811568543107,2.441440978460922,0.0076822992501176645,0.015364598500235329,4,-0.029153043215419474,2.0945247794292126,16.959477555929638,0.0129,-0.47798304391411545,0.6832934381210051,9.234645556014472,0.15068801795738904,9.785367577084562,58.52076526298525,42.15579449199591,-73.08414737513576,-40.64868435098234,0.5234595816845675,0.7258338044092708,6.832966777560068,-3.809655935459731,-26.6581002776159,-29.843502510798185,4.475526463676389,0.05377609475082365
TRAIN,down_disp_long,60,1770,0,0.0,1770,140,237,-9.930822730792345,2.632727948136404,144.12434247446683,-1.8947643985988338,14.29583421785157,0.5129943502824859,-612.38278316187,-203.65516678332725,-123.6957143612839,-50.28023545293526,2.632727948136404,52.092623508911416,104.48340985998878,157.06828584492246,322.65386931097976,13.179570627892698,72.49342182343487,4.052205893095245,3.252443477847467,0.0006557245661983462,0.0013114491323966925,4,-0.14441799716926415,5.47282893536188,21.30914484087246,0.0011,-0.5638028913841712,0.7131016087561708,17.613997520324094,0.1818036767528078,11.708695166889235,74.57150692690588,53.20460557789674,-96.93170375188714,-52.762642987103646,0.5107344632768361,0.7581920903954802,15.609252806221885,-2.335943987564725,-34.613866852575036,-39.95541875869095,3.8525607756425546,0.006557245661983463
TRAIN,pooled,5,3534,0,0.0,3534,140,276,-0.12314198275972947,1.4781403740393717,46.287269716493526,-0.4874771655451034,16.12049194774823,0.5175438596491229,-150.4486680122275,-69.60496286484747,-45.14446648353509,-17.53783741246545,1.4781403740393717,20.856168724116554,42.67488740802211,62.83947723122606,112.44267721786444,0.5703560986244632,19.685853461158384,1.0511193305521829,0.5426178380002192,0.29391621308193,0.58783242616386,5,-0.04363482736449802,-1.4389086717871515,2.624354343820518,0.2899,-0.09482226313815419,0.5377037199420908,1.2986610811040653,0.02897289161223399,2.9463462260311126,29.338978026236905,20.602435748777182,-31.37555921088221,-19.205459783561693,0.5175438596491229,0.6595925297113752,0.2916313892722939,-1.4657106699887064,-11.447632587411151,-9.65281599818399,1.2614823906129202,
TRAIN,pooled,10,3534,1,0.0002829654782116582,3533,140,276,-3.085114589791759,1.8709785948778368,60.63569223164782,-0.655709225116003,8.173668008804583,0.5148598924426833,-208.35599805512857,-101.94883759722906,-67.62829461773111,-26.179722688389752,1.8709785948778368,27.003511247580825,55.50519313150828,76.07381348403217,139.1076155981073,-0.48604924972298186,24.45649225433202,1.4469899997747908,-0.33590366885647477,0.6314001759077916,0.7371996481844167,5,-0.009867424791582686,-3.2012322546777674,2.4160487646624107,0.6283,-1.2309210309883094,0.8897844121253686,2.506346477251033,-0.019874037726603542,3.6603591405211127,37.91895205302101,27.699037031694296,-44.24439010463344,-26.6646165756268,0.5148598924426833,0.6804415510897255,3.4404175258494387,-1.8468343055089145,-16.006751837921684,-15.739232596850474,0.10917505415309633,
TRAIN,pooled,15,3534,0,0.0,3534,140,276,-3.695012241494084,3.3772254511860167,73.14461705895422,-0.9443996048749498,9.90950748067884,0.5243350311262026,-256.5190987567815,-118.50378278036504,-79.7963446433415,-29.22454679270714,3.3772254511860167,31.499069041807658,63.46140228717074,89.59473822636075,162.0092646845307,-0.9177657751779992,30.224101931300993,1.7789571267502475,-0.5159010081679426,0.6968309595623936,0.6063380808752129,5,-0.036286237555302366,-4.382745115171648,2.5882811662010967,0.6955,-1.0623595338215872,0.8550426303853234,3.4781183995235128,-0.030365361302184243,4.523586891275594,44.130790893240004,32.32415371125951,-53.63321451027303,-31.403997824289153,0.5237691001697793,0.7105263157894737,4.343003314207828,-3.283526774324355,-21.325511794422297,-20.400108529378137,0.02010742873806222,
TRAIN,pooled,30,3534,2,0.0005659309564233164,3532,140,276,-6.442573867917942,1.9820710729823166,97.2534442658462,-1.237072228391394,9.976345643291992,0.5087768969422424,-353.8519150232037,-156.3121012531311,-103.52527237019605,-41.03283037957428,1.9820710729823166,39.56724458731853,82.21980386903316,118.42532967071875,207.9279433605501,-2.5467084123381807,35.51656275600196,2.158533866423256,-1.1798325020297873,0.8804567741250794,0.23908645174984117,5,-0.018958298527419235,-6.757193005925231,1.7132530549073899,0.8853,-1.6082784010093032,0.9449783795070912,4.005882230262368,-0.07170481079022241,5.31569996922988,56.542498295837085,42.06863178288334,-70.98086848375668,-42.63901211747911,0.5070781426953568,0.7361268403171007,8.697699188006812,-1.6898611484191233,-30.703974860559214,-31.274156563089612,-1.7294936111653938,
TRAIN,pooled,60,3534,0,0.0,3534,140,276,-10.6965844806414,0.0,130.16429047025395,-1.609519552407572,15.184439633810314,0.4951895868704018,-505.3235644051852,-198.41282769739564,-130.68860703201167,-55.10490350949748,-0.0,48.68114537041835,102.24776334779607,147.26382399435593,297.4402427688148,-4.660300269599483,46.53879609487466,2.5493727241222084,-1.8280184084122504,0.9656849410169382,0.06863011796612356,5,-0.07058796799031374,-9.675907378354898,0.3884250307377791,0.9662,-1.4824439431750256,0.9297570737895599,7.215506886373039,-0.10013796360565339,6.965377777941503,71.71993047962667,52.675869384422036,-93.67126278536105,-56.13359490311998,0.4923599320882852,0.77645727221279,16.42280819515775,0.0,-41.08610277764979,-42.668131611456175,-3.2146093909254394,
