cut,level,stage,side,H,raw_n_events,raw_n_sessions,raw_session_mean,raw_t,raw_p_one,raw_event_mean,ex_session_mean,ex_p_one
tod,10:15-11:29,HOLDOUT,down_disp_long,5,1815,300,-0.4204928947266228,-0.25402298883382646,0.6001738027579644,0.4014109232592425,-1.2107518061552132,0.774808302333379
tod,10:15-11:29,HOLDOUT,down_disp_long,10,1815,300,4.12831749554869,2.1639727076762627,0.01562903354338378,2.000617492122469,2.040884074844111,0.11943306188723565
tod,10:15-11:29,HOLDOUT,down_disp_long,15,1815,300,5.322112092843815,2.090129213027565,0.01872537625180486,3.514831135615968,2.624819910912277,0.1320745268147925
tod,10:15-11:29,HOLDOUT,down_disp_long,30,1815,300,9.103212352826853,1.9455961419811887,0.026320095418226927,6.465814560042036,5.54116393016682,0.11402546875341409
tod,10:15-11:29,HOLDOUT,down_disp_long,60,1815,300,11.226782140663415,2.2960548316571656,0.01118218881257597,5.742622068302077,5.5933274468240874,0.1183847209486837
tod,10:15-11:29,HOLDOUT,up_disp_short,5,1919,330,-0.9315962844300323,-0.6171891082653151,0.7312315507245242,-2.3293625015155914,-1.2704893928290926,0.812636039587599
tod,10:15-11:29,HOLDOUT,up_disp_short,10,1919,330,1.1983635263164132,0.6834418318090087,0.24740436051596124,-0.9858837647369842,0.8541725594803496,0.3014028919717987
tod,10:15-11:29,HOLDOUT,up_disp_short,15,1919,330,2.639166915963833,1.2904092387729122,0.09890737949387976,-0.11628617356749209,1.2588006593721086,0.26097185140483425
tod,10:15-11:29,HOLDOUT,up_disp_short,30,1919,330,4.747809772407894,1.641678003227059,0.05080613064083355,1.2646561330825594,2.606541109909523,0.1828358154227798
tod,10:15-11:29,HOLDOUT,up_disp_short,60,1917,330,8.218341123482688,2.0740086422920734,0.01942800624890004,3.5039525766310553,4.644092849289799,0.11194989949778932
tod,10:15-11:29,TRAIN,down_disp_long,5,1003,216,2.487133853949668,1.372347935058038,0.08569257567493851,0.761589785099658,1.6344359559601445,0.17521087453353212
tod,10:15-11:29,TRAIN,down_disp_long,10,1003,216,6.294419968522401,2.365626878353171,0.00944433303673971,-4.208147794687315,4.770260353359569,0.030030805632367482
tod,10:15-11:29,TRAIN,down_disp_long,15,1003,216,6.838122279561953,2.2254000434587082,0.01354648448747873,-6.682958464360141,4.587050126486672,0.054495431251173544
tod,10:15-11:29,TRAIN,down_disp_long,30,1003,216,8.882422375321106,2.5210173461027505,0.006213560478852559,-7.5324851406058775,5.239305552782936,0.05989559516638276
tod,10:15-11:29,TRAIN,down_disp_long,60,1003,216,12.33966198236612,2.7232778612809123,0.0034973828941036998,-19.670734454015236,7.759138959357484,0.029386844458931475
tod,10:15-11:29,TRAIN,up_disp_short,5,1110,244,0.5810458168956318,0.33911546751009036,0.36740780956324504,-0.8127161630441488,-0.293727350028133,0.5703590141252661
tod,10:15-11:29,TRAIN,up_disp_short,10,1110,244,1.3781055914307985,0.5231609525122831,0.3006694836709911,-3.6519348985485207,-0.5818655578460554,0.5929027168230854
tod,10:15-11:29,TRAIN,up_disp_short,15,1110,244,-1.0845005584523197,-0.3754020289697312,0.6461555156507943,-5.060932625910004,-3.2643446593290455,0.8847442144030662
tod,10:15-11:29,TRAIN,up_disp_short,30,1110,244,-2.714265583119624,-0.720680686960039,0.7641006440909455,-7.554180282052639,-6.021442672196065,0.9566993481898372
tod,10:15-11:29,TRAIN,up_disp_short,60,1110,244,-4.116835595082139,-0.840974839159977,0.7994056007500453,-8.61208082927583,-8.586709432868155,0.9732782977170691
tod,10:15-11:29,VAL,down_disp_long,5,865,129,6.4932760592448435,2.1282660599778827,0.017615828471294313,4.861050476062455,3.9957837001595786,0.08680517191748606
tod,10:15-11:29,VAL,down_disp_long,10,865,129,12.636414266328245,4.002891268561718,5.2669578508109764e-05,6.509519326593498,8.712743330253813,0.003012059705293918
tod,10:15-11:29,VAL,down_disp_long,15,865,129,9.928866675391898,2.0774478025722884,0.019879677659372742,5.488729049277756,4.695757355753826,0.16794114923233103
tod,10:15-11:29,VAL,down_disp_long,30,865,129,12.095682584978135,1.7276261779092927,0.04323359254326131,9.39524504795236,3.562419117717291,0.2946502355301179
tod,10:15-11:29,VAL,down_disp_long,60,865,129,11.80663324075329,1.73163655328138,0.04287377454439141,9.160091071481558,2.5484457122114748,0.3375566660420498
tod,10:15-11:29,VAL,up_disp_short,5,562,134,5.0618242259553154,2.4032477611088154,0.00881487026336129,1.3418712819993177,4.259088008541476,0.01580561008952607
tod,10:15-11:29,VAL,up_disp_short,10,562,134,4.6347584661915695,1.2765414012308476,0.10199432755754319,-0.3361701932280849,3.43149618671511,0.16252560527306872
tod,10:15-11:29,VAL,up_disp_short,15,562,134,3.5322630367635166,0.8809683133506805,0.18996209430739397,0.5252454711993811,2.288095133984182,0.27521152205948424
tod,10:15-11:29,VAL,up_disp_short,30,562,134,0.0067029879441600874,0.001258534598472834,0.4994988603396966,-5.369473299600727,-2.712662500299183,0.7043086609592881
tod,10:15-11:29,VAL,up_disp_short,60,562,134,3.022012849674489,0.4100739896317989,0.3412057308013014,-6.840707788855798,-2.362671100353553,0.630970651232951
tod,11:30-12:44,HOLDOUT,down_disp_long,5,669,225,-0.5970270412379716,-0.2358511503856904,0.5931181623797912,-1.4659320755465712,-0.45968801638040807,0.5728828166107294
tod,11:30-12:44,HOLDOUT,down_disp_long,10,669,225,1.3050659124267396,0.41883059317403853,0.33787063195313755,-0.5639151103559673,1.0324097559798486,0.3663406783495406
tod,11:30-12:44,HOLDOUT,down_disp_long,15,669,225,2.043700335970603,0.564798452410251,0.28638801537938996,0.3219407467460296,1.3800709716122543,0.3490939042915934
tod,11:30-12:44,HOLDOUT,down_disp_long,30,669,225,3.519448263293553,0.8810919074742715,0.1896062396412256,-0.15051334161255275,1.7128038358988509,0.33029997661569954
tod,11:30-12:44,HOLDOUT,down_disp_long,60,669,225,3.0595811016796386,0.6208730085287861,0.26765720792296527,-4.02088022686753,0.6290797984041859,0.44740828065335514
tod,11:30-12:44,HOLDOUT,up_disp_short,5,818,266,0.6644777427928339,0.3201543698688966,0.37455179837132324,-0.9692584824493282,-0.10552338378323056,0.5205838677595976
tod,11:30-12:44,HOLDOUT,up_disp_short,10,818,266,2.6544977985024936,1.0051195118311393,0.1578780980652569,-0.36284468829004113,1.5298243407914953,0.27390456633550503
tod,11:30-12:44,HOLDOUT,up_disp_short,15,818,266,2.0381775211383144,0.6050946399885736,0.27281695924729055,0.08912043030022798,0.2998508850987624,0.4634327650171959
tod,11:30-12:44,HOLDOUT,up_disp_short,30,818,266,1.580383528177909,0.42969367507503153,0.33388383083227285,-1.4982482323114577,-0.5040213750248049,0.5577512972362175
tod,11:30-12:44,HOLDOUT,up_disp_short,60,818,266,5.666898605395072,1.4335977474311081,0.07643294804212919,2.6886140873924194,2.3506554767344197,0.25968663240693013
tod,11:30-12:44,TRAIN,down_disp_long,5,426,115,3.394455744091252,0.82503799995075,0.20553654123472084,2.184172532257346,3.0780396411271695,0.2275067787314971
tod,11:30-12:44,TRAIN,down_disp_long,10,426,115,6.481297204840844,1.3588484394201386,0.08843854214081306,5.878750880259192,6.754165631460748,0.07626002473924387
tod,11:30-12:44,TRAIN,down_disp_long,15,426,115,4.958733072050612,0.9155107409243052,0.1809280386075641,2.8635308972389866,5.170588396836831,0.16194923199315228
tod,11:30-12:44,TRAIN,down_disp_long,30,426,115,3.659271707360463,0.5042731785946587,0.3075213365798274,10.23304140289251,1.2193274656508164,0.4314125060340772
tod,11:30-12:44,TRAIN,down_disp_long,60,426,115,9.452581568597385,1.3209578696822395,0.09458042368310836,21.603751371577996,6.705937105557424,0.1482890615129057
tod,11:30-12:44,TRAIN,up_disp_short,5,375,174,0.8055430606202888,0.32256882953570354,0.3737056520639129,1.400428215925791,0.704320445668637,0.384610855147416
tod,11:30-12:44,TRAIN,up_disp_short,10,375,174,-2.672846683933082,-0.8347426178385998,0.7974930664939028,-2.6470479912418288,-2.9556709112626987,0.8263185671012654
tod,11:30-12:44,TRAIN,up_disp_short,15,375,174,-2.8653100661124213,-0.7761698077505716,0.7806457184782349,-3.370372145988497,-2.8338408341078667,0.7813617415849694
tod,11:30-12:44,TRAIN,up_disp_short,30,374,174,-6.5547102365264305,-1.4773846741167922,0.9293046522281532,-7.257528683674885,-6.875916621516918,0.9460174924253302
tod,11:30-12:44,TRAIN,up_disp_short,60,374,174,-5.503266297103829,-1.1976015272121694,0.8836447626203383,-5.4506969875313445,-5.818200199965204,0.8957731672757929
tod,11:30-12:44,VAL,down_disp_long,5,275,72,10.840301037398536,1.3905150067349066,0.08435795952129184,35.17559639887601,8.959134586079593,0.09973988180530859
tod,11:30-12:44,VAL,down_disp_long,10,275,72,9.081973517782014,0.828702862723869,0.20502490079923202,38.0030624160802,5.634439571960767,0.2845530568325487
tod,11:30-12:44,VAL,down_disp_long,15,275,72,9.86908502006572,0.8529070738310102,0.19828949376251123,46.00777107380614,5.6703418372700485,0.2919140051797286
tod,11:30-12:44,VAL,down_disp_long,30,275,72,12.067824298158136,0.9918521878810767,0.16231896424969008,54.91724323470031,7.743264511497088,0.22443495916871942
tod,11:30-12:44,VAL,down_disp_long,60,274,72,15.925134322498195,1.1220322723672524,0.13281450628282038,53.28289770684025,11.96281205888113,0.15612542537679097
tod,11:30-12:44,VAL,up_disp_short,5,239,87,3.1205759534529807,1.1621813639677605,0.12418845343668572,2.1464555518812682,2.49939811504678,0.1728273700804694
tod,11:30-12:44,VAL,up_disp_short,10,239,87,4.207799416486366,1.1505256982378895,0.12655824564484375,1.7300640337980053,1.9268369574007989,0.28946843644882647
tod,11:30-12:44,VAL,up_disp_short,15,239,87,6.933376815714334,1.6888312385693955,0.04743732676848857,1.3100369380814465,4.271352799347702,0.12979972390116318
tod,11:30-12:44,VAL,up_disp_short,30,238,87,2.08523472678663,0.41967080268393686,0.33788625350797485,-1.7866603631433358,-1.9317110574436591,0.6614235323377609
tod,11:30-12:44,VAL,up_disp_short,60,239,87,-3.3907905095797304,-0.43275894010435223,0.6668633739019443,-6.57405515962755,-7.349751233059812,0.860629740561287
tod,12:45-14:10,HOLDOUT,down_disp_long,5,636,203,1.1706889604004216,0.28862541677855735,0.3865820027306748,-2.1975198183910236,1.3935766988876341,0.3632581470938433
tod,12:45-14:10,HOLDOUT,down_disp_long,10,636,203,-5.48581394987106,-1.1144185827692585,0.8667880825906771,-6.716145878589069,-5.236220263801857,0.8575070343639367
tod,12:45-14:10,HOLDOUT,down_disp_long,15,636,203,-5.029216802961705,-0.8743398221961113,0.8085142276305081,-8.399754822976705,-5.273056384389962,0.8233929941991042
tod,12:45-14:10,HOLDOUT,down_disp_long,30,636,203,-6.944701391471142,-0.8228105957995533,0.794207012916858,-11.057998265536762,-7.213607321535122,0.8063931239597698
tod,12:45-14:10,HOLDOUT,down_disp_long,60,636,203,-1.8482904429874245,-0.16399915698944348,0.5650521081889288,-10.897102253103396,-5.19128947643301,0.6783483936753986
tod,12:45-14:10,HOLDOUT,up_disp_short,5,595,236,-1.4682166109735226,-0.4734323650709059,0.681827882918236,-1.4445056514437498,-1.7209896524406127,0.7113607165774105
tod,12:45-14:10,HOLDOUT,up_disp_short,10,595,236,-2.9171733570312024,-0.920218423011886,0.8207988647341358,-2.37830203515537,-3.919105274686395,0.890269480100476
tod,12:45-14:10,HOLDOUT,up_disp_short,15,595,236,-2.4698481872811624,-0.6903658727148736,0.7546773022840458,-2.3129487495957055,-3.9901383772827823,0.8712557329679528
tod,12:45-14:10,HOLDOUT,up_disp_short,30,595,236,2.562628874981629,0.5297125681230498,0.2984056560190707,0.08936908930052503,-0.016023071071750904,0.5013818560010697
tod,12:45-14:10,HOLDOUT,up_disp_short,60,595,236,6.853658434104002,1.2426743081369294,0.10761319936682424,1.556945741353668,3.7805335243736646,0.22297491252864968
tod,12:45-14:10,TRAIN,down_disp_long,5,412,103,1.5799962755274848,0.3530528314259324,0.3623887048803271,1.6226197506703515,0.9880776384150829,0.40853011357621055
tod,12:45-14:10,TRAIN,down_disp_long,10,412,103,3.637105392374017,0.6362129516586487,0.26303134656800603,-0.0513118294204397,2.2089020048411925,0.346036579333248
tod,12:45-14:10,TRAIN,down_disp_long,15,412,103,6.409277444929498,1.0740838375107107,0.14265973354388145,5.397007837241653,4.277476055371573,0.2314492297200953
tod,12:45-14:10,TRAIN,down_disp_long,30,412,103,17.390380621138185,2.765673239572357,0.003372065820722163,-0.0458128733760066,13.808397882309794,0.014219395590831003
tod,12:45-14:10,TRAIN,down_disp_long,60,412,103,22.746204824941294,2.3213632745327555,0.011128140808317297,0.9275183058465781,17.960171326037138,0.02806534527913988
tod,12:45-14:10,TRAIN,up_disp_short,5,342,160,-2.191321370540676,-0.5956825250477982,0.7238828487709665,-0.839928022275397,-2.5194730508682266,0.7587187921607542
tod,12:45-14:10,TRAIN,up_disp_short,10,342,160,-3.462681566717683,-0.9167809729860423,0.8196770638388537,-2.9136162229908327,-3.9008616897076793,0.8575273983289746
tod,12:45-14:10,TRAIN,up_disp_short,15,342,160,-8.502451139670436,-2.0269510760621645,0.9778309193889302,-5.765489936536288,-9.061125843852238,0.9859092188964506
tod,12:45-14:10,TRAIN,up_disp_short,30,342,160,-7.498673553050578,-1.3211977932363401,0.9058332202718357,-4.834500904423361,-7.627745790700035,0.912495457591726
tod,12:45-14:10,TRAIN,up_disp_short,60,342,160,-13.762918981875558,-1.408481201041679,0.9195294749490167,-9.56359305576785,-12.643116045871238,0.9101875639906698
tod,12:45-14:10,VAL,down_disp_long,5,279,81,2.465527663977094,0.39910018121016877,0.3454413865713064,1.6649790489850846,1.6791932044813476,0.3910754136882317
tod,12:45-14:10,VAL,down_disp_long,10,279,81,0.7843945325558855,0.09439714309031427,0.46251485915396007,0.48050402563712424,-0.03775994095682434,0.5018583443782787
tod,12:45-14:10,VAL,down_disp_long,15,279,81,6.655671530185175,0.8991169651228693,0.18564435705026255,3.9459983995388166,4.621731132253821,0.2596128981040318
tod,12:45-14:10,VAL,down_disp_long,30,279,81,21.994050039456265,2.4386863145607793,0.008477688479368473,5.141514662601533,19.041006892952634,0.013120309147485588
tod,12:45-14:10,VAL,down_disp_long,60,279,81,14.622073180318,1.3240248802954733,0.09463272730276709,0.1293223038947219,9.271144669810862,0.1889143204853013
tod,12:45-14:10,VAL,up_disp_short,5,230,95,1.2793619541283066,0.38404352306796125,0.35090677161214245,1.4360194979012675,1.9200947870236849,0.2755679458256648
tod,12:45-14:10,VAL,up_disp_short,10,230,95,0.871122809685629,0.2078932824922246,0.41788102662939874,0.42922256332854347,1.0809145927927548,0.3992647622419817
tod,12:45-14:10,VAL,up_disp_short,15,230,95,-1.145306194359874,-0.19383045123558368,0.5766365554725621,-0.029416878763557565,-1.6669314831249025,0.6160645097194983
tod,12:45-14:10,VAL,up_disp_short,30,230,95,0.8229442323084536,0.13807463191464553,0.4452383915399799,0.15262032203579826,-0.6721777068641074,0.5456805545595353
tod,12:45-14:10,VAL,up_disp_short,60,230,95,-1.508151397617565,-0.15162047612440127,0.5600943920990541,1.1539657866222197,-3.5934070948648014,0.6507278233117686
vix,high,HOLDOUT,down_disp_long,5,683,92,6.0281138437348405,1.0988375172350988,0.13736883705668504,0.49233786609025026,5.028600071154466,0.17621968326247509
vix,high,HOLDOUT,down_disp_long,10,683,92,8.009074581263343,1.141546911538779,0.1283187183354278,0.48768588844766336,6.094390828150802,0.18605776353171338
vix,high,HOLDOUT,down_disp_long,15,683,92,9.896478034203131,1.3706331350313208,0.08693038075663072,1.3504199319744137,6.675698401249512,0.16818788838190663
vix,high,HOLDOUT,down_disp_long,30,683,92,13.98511091388539,1.77782733807733,0.039386344390599334,0.9569295265627831,8.099993332435368,0.15295217667430427
vix,high,HOLDOUT,down_disp_long,60,683,92,16.76000885582288,1.8105652572456563,0.03675417612694024,2.2959776043682876,6.202638633446202,0.251251017269188
vix,high,HOLDOUT,up_disp_short,5,726,103,-1.9132747950513576,-0.7518332980478638,0.7730586655311031,-3.5431517807699278,-2.4419066893243593,0.8659808467490202
vix,high,HOLDOUT,up_disp_short,10,726,103,-1.314278499589861,-0.4684759568084118,0.6797780599988793,-2.4491706541362106,-2.5339542622072697,0.8265758376287137
vix,high,HOLDOUT,up_disp_short,15,726,103,1.3681734113829511,0.45363275278009946,0.32552842428116563,-1.1852448428356137,-0.5542813724615449,0.5749375155574822
vix,high,HOLDOUT,up_disp_short,30,726,103,6.189164870875531,1.5444581812509468,0.06278718763109792,-0.4761079417651715,3.2012140032127196,0.2209112753627742
vix,high,HOLDOUT,up_disp_short,60,726,103,14.832322144618123,2.8205986274354573,0.002880580874377484,3.6292643982161694,9.93411400988083,0.027667754299490557
vix,high,TRAIN,down_disp_long,5,349,37,1.0058348970961204,0.16340975029016622,0.43555487679019833,-6.265456422939301,0.1055424617944542,0.4928596248567159
vix,high,TRAIN,down_disp_long,10,349,37,0.43791697206416874,0.08684872725999042,0.4656365168384326,-22.910511375792215,0.0914576607392355,0.49165624364944893
vix,high,TRAIN,down_disp_long,15,349,37,-1.6393390634315061,-0.3002482082602821,0.6171425661451869,-35.57069263447312,-2.2618318358600797,0.6875991291395614
vix,high,TRAIN,down_disp_long,30,349,37,4.875482353924539,0.6383745866617232,0.26363517584835544,-38.924246251315154,2.5242786167714812,0.35475923422104017
vix,high,TRAIN,down_disp_long,60,349,37,15.888541034328771,1.3785969012709707,0.08826309467102662,-66.1926129007748,6.336199801070578,0.23779615945157442
vix,high,TRAIN,up_disp_short,5,318,40,2.3476009487633838,0.4280098372675896,0.33549918686199137,0.8473626176155091,1.4775966202510866,0.3936006318977187
vix,high,TRAIN,up_disp_short,10,318,40,1.9818932182858777,0.275416552140202,0.39222512195063675,-5.60739605399263,0.1841545506125307,0.48939605174886713
vix,high,TRAIN,up_disp_short,15,318,40,-1.7538201958682638,-0.2756005139643447,0.6078450179890093,-8.191594357763691,-3.0530596401405283,0.6874036884458106
vix,high,TRAIN,up_disp_short,30,318,40,-0.1358922933254192,-0.014510667130722152,0.505751725880491,-2.742882949321863,-2.5181081174294957,0.6006869516345908
vix,high,TRAIN,up_disp_short,60,318,40,-8.01734191454953,-0.6415545136656874,0.7375423274437375,0.47074481697087556,-10.00199783492748,0.7800562209653892
vix,high,VAL,down_disp_long,5,283,34,18.35763824799391,1.580429910479987,0.06177356546010894,34.98125329872779,15.004942128635628,0.09098731002535071
vix,high,VAL,down_disp_long,10,283,34,29.085716559301055,2.849114591592504,0.0037473105390760687,44.575472171841746,24.529616098120414,0.008551391670967114
vix,high,VAL,down_disp_long,15,283,34,28.65906841713016,2.2851507342857103,0.014431549594800403,54.06367942648113,22.44326924569704,0.0353985367974613
vix,high,VAL,down_disp_long,30,283,34,37.15394649797894,2.019350072473947,0.025816918285964077,65.54744868952926,26.98702723023192,0.05759793957689958
vix,high,VAL,down_disp_long,60,283,34,32.47681377377736,1.7720919661249486,0.04280653068400133,64.14910467764658,17.965049082735963,0.15323728370264475
vix,high,VAL,up_disp_short,5,269,35,2.212142239737971,0.7604089648421665,0.22612571868207446,-3.14161953200693,1.6960014495330036,0.28440245064842234
vix,high,VAL,up_disp_short,10,269,35,-2.7611258414929765,-0.5155397404587477,0.6952439444918267,-6.409525992619789,-3.7286686880322457,0.7685502683558754
vix,high,VAL,up_disp_short,15,269,35,0.6908465063122196,0.08299385267302639,0.4671715671680342,-3.541824973406902,-2.5789445807744658,0.6347877725288444
vix,high,VAL,up_disp_short,30,269,35,-0.4695204012618025,-0.03816058827931546,0.5151085835891744,-7.226496470733377,-3.7415685850418785,0.6306007210465202
vix,high,VAL,up_disp_short,60,269,35,1.1680916997526616,0.07440266040254988,0.47056301346767004,-9.318566792143908,-0.8545842481316921,0.5218371960427102
vix,low,HOLDOUT,down_disp_long,5,1783,190,-1.6899010524552402,-0.7902816596233023,0.7848231260005687,-0.9305564380864145,-1.8913494948611735,0.8197365021338571
vix,low,HOLDOUT,down_disp_long,10,1783,190,-0.6926251411269738,-0.28731845186361127,0.6129083660047316,-0.2373756102312746,-1.734952351332661,0.7770518637646161
vix,low,HOLDOUT,down_disp_long,15,1783,190,-0.35897427985627484,-0.11812741573101014,0.5469539253306184,-0.16043455905574389,-1.5378237306700755,0.6981957665815596
vix,low,HOLDOUT,down_disp_long,30,1783,190,-1.3525631782811736,-0.27694074671812496,0.6089358738730962,-1.5791025435125183,-2.708229990488678,0.7152151622217021
vix,low,HOLDOUT,down_disp_long,60,1783,190,2.1596198824796597,0.5106001125665887,0.3051134767312299,-3.9254917473766726,-0.9214939201241147,0.587635132777959
vix,low,HOLDOUT,up_disp_short,5,1949,193,-2.287318101443786,-1.4518217060242695,0.9259083698141017,-1.8569281986523118,-2.4954944974214386,0.9498573372139484
vix,low,HOLDOUT,up_disp_short,10,1949,193,-1.6876194314245225,-1.0457293558374254,0.8514996303629168,-1.3976354672379432,-2.0174252285926983,0.9015162601487708
vix,low,HOLDOUT,up_disp_short,15,1949,193,-1.7698118546342827,-0.8542002488831465,0.8029707188131814,-0.5891046174022244,-2.876034525679513,0.9180166369099688
vix,low,HOLDOUT,up_disp_short,30,1949,193,-2.655060668832428,-0.9027383992290124,0.8161020553643902,-0.5801519818621244,-4.557083921470795,0.9407384680029165
vix,low,HOLDOUT,up_disp_short,60,1948,193,2.788917057992544,0.7180322058163744,0.236805105709529,1.0607934660861473,-1.1539369276259657,0.6215359546139678
vix,low,TRAIN,down_disp_long,5,876,140,3.3480287007469194,1.2874323165112487,0.1000415795764622,3.8971130465870036,2.898933067407085,0.11968094687518067
vix,low,TRAIN,down_disp_long,10,876,140,7.3786859374466225,2.564747610547104,0.00569304781838651,5.9194977392254495,6.526139764550731,0.007914609528689198
vix,low,TRAIN,down_disp_long,15,876,140,9.070105765487837,2.366660094473626,0.009664394071708745,4.971908023889688,7.597092089835232,0.016155487305911893
vix,low,TRAIN,down_disp_long,30,876,140,13.041488246366924,2.7053529196400077,0.003838630853704137,8.310616178550598,10.156091652101317,0.013911729196459563
vix,low,TRAIN,down_disp_long,60,876,140,13.242148788541297,2.2528401198978676,0.012917842932689825,10.596737393512889,9.432053922861021,0.04743149764978702
vix,low,TRAIN,up_disp_short,5,972,151,-0.6269561686547247,-0.44751216865340687,0.6724245556355777,-1.4646871060621456,-1.0687008784925958,0.7782760621106183
vix,low,TRAIN,up_disp_short,10,972,151,-1.81199893946164,-0.9443020683734183,0.8267330768187691,-3.6702693255742362,-2.8674714278715028,0.9338153858365695
vix,low,TRAIN,up_disp_short,15,972,151,-3.455843633857798,-1.2874119349403594,0.9000331896508339,-5.774128526080234,-5.014997387829906,0.974237775522827
vix,low,TRAIN,up_disp_short,30,972,151,-4.968587234432926,-1.2990752567819641,0.9020443095971408,-10.706021904467761,-6.885986815970476,0.9685717784883192
vix,low,TRAIN,up_disp_short,60,972,151,-3.8155053457482033,-0.9956526058674661,0.8394887983654999,-11.032799769786614,-6.674117543175718,0.9658312715678141
vix,low,VAL,down_disp_long,5,113,10,10.90757481022786,3.3927806425193654,0.003981960337001928,3.997546060838581,5.514144332298253,0.01352593247436505
vix,low,VAL,down_disp_long,10,113,10,16.829872543201326,5.400288469528323,0.00021642154783234303,6.843490899857366,10.067210805071111,0.0019201328811883603
vix,low,VAL,down_disp_long,15,113,10,27.134079351742173,3.3234291794447595,0.004445810848734203,10.293010081085523,16.777409652042746,0.007343036192798601
vix,low,VAL,down_disp_long,30,113,10,23.599718017858027,1.9612764842166193,0.04073853074537457,2.7374039829183294,11.552825899299938,0.14827260786456023
vix,low,VAL,down_disp_long,60,113,10,30.077381005332757,1.697611179178127,0.06190455856125779,-0.44081038318794635,16.402881916102448,0.15234439529781596
vix,low,VAL,up_disp_short,5,89,12,5.673170541131903,2.1119382590582383,0.029190203565772923,1.243695368297248,6.037710207555846,0.02334304623137444
vix,low,VAL,up_disp_short,10,89,12,-6.930936548815679,-2.1802535335288886,0.9740788822958772,-3.793880091849285,-5.376684229866455,0.9587200109870413
vix,low,VAL,up_disp_short,15,89,12,-15.067613934516674,-2.2017278346016447,0.9750324111774062,-6.147220043069975,-12.877952767181606,0.9505290860063853
vix,low,VAL,up_disp_short,30,89,12,-19.4181704580135,-2.323063216075744,0.979820285133103,-8.055895621888297,-17.735864670847448,0.9601236915127118
vix,low,VAL,up_disp_short,60,89,12,-28.638976215133706,-2.2136694304998037,0.9755480799323886,-16.00809316423767,-29.69446921818965,0.9843270883677739
vix,mid,HOLDOUT,down_disp_long,5,654,60,0.2254364160183807,0.07397208304455648,0.47064141283013183,-0.49977824274217936,-0.44119819868543536,0.5577441327100802
vix,mid,HOLDOUT,down_disp_long,10,654,60,-0.15521945984492772,-0.040875188737136366,0.5162332966123773,-1.4181284222873134,-1.822087020236506,0.7052427244740703
vix,mid,HOLDOUT,down_disp_long,15,654,60,0.5880836709562459,0.09381822221041555,0.4627857184067257,0.9423101048329585,-2.1915960060460256,0.6497939729246961
vix,mid,HOLDOUT,down_disp_long,30,654,60,6.142924593663019,0.8547781857199951,0.1980658245567072,10.342247817273018,0.8353757926553834,0.4448422072322185
vix,mid,HOLDOUT,down_disp_long,60,654,60,11.035639567503686,1.7404631540506659,0.04349559389782736,9.531089038240365,2.1505467911874194,0.3473271325751117
vix,mid,HOLDOUT,up_disp_short,5,657,66,-1.4001121853866527,-0.35969034275056366,0.639877642127421,0.1051755104281915,-2.244348889496692,0.7214670255922039
vix,mid,HOLDOUT,up_disp_short,10,657,66,0.6741788901287292,0.17151226932899263,0.43217691149492327,1.3672478083419597,-0.8302361370320498,0.5886136819077452
vix,mid,HOLDOUT,up_disp_short,15,657,66,0.0963089454133792,0.01901731854033838,0.49244277296478395,0.7339353030680625,-1.9014639311708712,0.6586673049851159
vix,mid,HOLDOUT,up_disp_short,30,657,66,8.502734393354944,1.359924973661955,0.08927604121405248,4.15654985062293,5.353053742356828,0.18393921718302
vix,mid,HOLDOUT,up_disp_short,60,656,66,10.896796203948647,1.4177008072203705,0.0805271428481299,7.83761357309971,3.3906680038516903,0.32036240341766303
vix,mid,TRAIN,down_disp_long,5,616,65,7.671333631079278,3.3896476363656824,0.0006013623371238991,1.8435465150460568,6.177848860260918,0.004861481303627818
vix,mid,TRAIN,down_disp_long,10,616,65,11.861262695802736,2.8956699837022786,0.0025854806510493536,1.7414344379672235,9.08673641896343,0.011739957991675994
vix,mid,TRAIN,down_disp_long,15,616,65,12.14185231766586,2.643739086387371,0.0051500948320568965,7.790916155710866,7.815864745052756,0.0327929038164249
vix,mid,TRAIN,down_disp_long,30,616,65,15.82943906176779,3.1674799905455844,0.0011784559649990235,5.0158771218705525,8.827187440291713,0.022120641843443704
vix,mid,TRAIN,down_disp_long,60,616,65,36.26959830903189,6.291013486902527,1.6007124164616696e-08,5.964397588598791,26.398742224571016,2.8609098606553274e-07
vix,mid,TRAIN,up_disp_short,5,537,74,3.6130436286246703,1.4866420018509081,0.07070794839095496,0.9124856816865065,2.8743285551713185,0.10726262321427649
vix,mid,TRAIN,up_disp_short,10,537,74,4.158580839075657,1.0742934421850232,0.14311467966982214,-1.288815182010418,1.8956979897153114,0.2986145679796909
vix,mid,TRAIN,up_disp_short,15,537,74,5.314344443737413,1.2583124709301603,0.10614424835189133,-1.1842502694271149,2.9158433966120456,0.2285270221616136
vix,mid,TRAIN,up_disp_short,30,536,74,5.620591138092157,0.8663770797928608,0.19456105004455498,-2.750681121378003,2.070454572677877,0.36377816982403943
vix,mid,TRAIN,up_disp_short,60,536,74,4.346610654129668,0.5240820199168965,0.30090457635347917,-8.012191594159795,-1.242513058628994,0.5628292390819247
vix,mid,VAL,down_disp_long,5,1023,106,5.618725507464295,1.7956390970423894,0.03771412321937405,3.90147550120923,3.766720538998687,0.10067434828807509
vix,mid,VAL,down_disp_long,10,1023,106,4.804867774681344,1.1081463700856131,0.13516526471640494,2.7638943389668538,2.1401436454136866,0.3036261678838462
vix,mid,VAL,down_disp_long,15,1023,106,4.460048113088204,0.9105824857193396,0.18230052995882837,1.9918766466632027,0.696095789883184,0.440334049317478
vix,mid,VAL,down_disp_long,30,1023,106,12.265784106459206,2.014951615871104,0.02323275153044535,5.6738580817992705,5.391338202203109,0.15123253620031596
vix,mid,VAL,down_disp_long,60,1022,106,12.269540345899,1.6739383755944315,0.04855958367891271,4.3587951280026065,4.988803914529989,0.21304104485058412
vix,mid,VAL,up_disp_short,5,673,114,5.256824040236618,2.3437780534068855,0.010418585182886159,3.4648228651291832,4.437800813851728,0.015857101510694357
vix,mid,VAL,up_disp_short,10,673,114,9.564005355159567,2.884500838736792,0.002347870136695409,3.543977214321567,7.606887925105563,0.008251658098760254
vix,mid,VAL,up_disp_short,15,673,114,9.237091293840644,2.4765765911958693,0.007373221779247982,3.122398815125683,6.814579251565571,0.020259921633281983
vix,mid,VAL,up_disp_short,30,672,114,7.272839798829602,1.5329079562741492,0.06404677272077751,-1.111405097857367,2.889659388945064,0.25243908177903834
vix,mid,VAL,up_disp_short,60,673,114,14.49332648275551,2.1536805189487733,0.016694998442709795,-1.8110699418439349,6.072837744553152,0.16468623271732843
mkt_regime,bear,HOLDOUT,down_disp_long,5,384,49,-2.4035736985194274,-0.6990713750377231,0.7560594121845305,-1.8111833364142822,-3.982825569864333,0.8647253570605662
mkt_regime,bear,HOLDOUT,down_disp_long,10,384,49,0.21563525064797143,0.0460777503969698,0.48171972644246824,-1.1181820433161347,-2.701640652908194,0.7162449217894217
mkt_regime,bear,HOLDOUT,down_disp_long,15,384,49,1.9605271249551655,0.3148402659401536,0.3771237618348664,0.036150903074819496,-2.7491836667317116,0.6761517650534794
mkt_regime,bear,HOLDOUT,down_disp_long,30,384,49,5.7240240987250415,1.1704626265196238,0.12379665445466717,0.8801809014388505,-3.3803185747066986,0.7376450524731865
mkt_regime,bear,HOLDOUT,down_disp_long,60,384,49,10.705877062495082,1.554697868471755,0.06329372549026022,8.351925394203109,-4.916233574384233,0.7702991710370211
mkt_regime,bear,HOLDOUT,up_disp_short,5,463,52,-5.8481167777331,-2.7247395933411287,0.9956032425236607,-4.405763208122525,-4.314062197775663,0.9817431825810423
mkt_regime,bear,HOLDOUT,up_disp_short,10,463,52,-4.04811854315025,-1.502233574204415,0.9303981172675931,-3.444870607226166,-3.8656676881826146,0.9484497700871093
mkt_regime,bear,HOLDOUT,up_disp_short,15,463,52,0.2013652095121663,0.06896067805946662,0.4726452982158961,-0.32574458137256695,-0.8686371979260925,0.6237102751732586
mkt_regime,bear,HOLDOUT,up_disp_short,30,463,52,5.721173106400419,1.469109212515733,0.07397250022302126,0.6657922905756328,4.276283092826333,0.15034040327076953
mkt_regime,bear,HOLDOUT,up_disp_short,60,463,52,15.61115550163557,3.341157237837532,0.0007835199262353522,3.044748628305759,8.758857808113365,0.03160720996552239
mkt_regime,bear,VAL,down_disp_long,5,341,35,11.111041256989026,2.144661598795018,0.01960614316384315,8.959436154796125,8.95133436714904,0.039429610238263496
mkt_regime,bear,VAL,down_disp_long,10,341,35,16.56326989467467,2.7663468960106927,0.004549879162686534,9.078863804963623,13.295643142748187,0.01119969072681981
mkt_regime,bear,VAL,down_disp_long,15,341,35,12.032247026922573,1.324307967756597,0.09711732090826672,13.392767410377438,6.943381919263435,0.2078908228147167
mkt_regime,bear,VAL,down_disp_long,30,341,35,8.544112436724031,0.7114446974785982,0.24083084376168906,2.371678307489224,4.047061974996227,0.36270325678876514
mkt_regime,bear,VAL,down_disp_long,60,341,35,12.99457438963489,1.2524243920590448,0.10948091456623288,0.2668284717336123,3.5379425687197634,0.3647136642887921
mkt_regime,bear,VAL,up_disp_short,5,338,43,0.7600477391574074,0.4069475349971824,0.3430565297392859,-0.2492217886287276,1.1900499430767437,0.24835114229097782
mkt_regime,bear,VAL,up_disp_short,10,338,43,0.8977996329915775,0.2856771891918466,0.3882648103138272,-1.936877655977514,-0.535842162472253,0.5721594763909215
mkt_regime,bear,VAL,up_disp_short,15,338,43,1.0312678354856106,0.3171911114295477,0.3763350257808902,-0.4804163530481526,-1.4118482270785273,0.6993778197196254
mkt_regime,bear,VAL,up_disp_short,30,337,43,-0.22278922547421545,-0.040190329128324265,0.5159340839405262,-3.8194432225380517,-2.7135757066775508,0.6958525031469331
mkt_regime,bear,VAL,up_disp_short,60,338,43,8.11604506772992,0.9426543023499222,0.17562436650881427,-1.5478598814083597,1.1794487908828424,0.4327058508708114
mkt_regime,bull,HOLDOUT,down_disp_long,5,437,67,5.650180767290159,0.7979296041664107,0.21388650813102925,-0.25282628655970096,5.4678276809077015,0.21069347370339997
mkt_regime,bull,HOLDOUT,down_disp_long,10,437,67,7.389265428094565,0.8620329894498368,0.19589534962680666,-0.5421778738812294,7.138878829290709,0.18953456820875195
mkt_regime,bull,HOLDOUT,down_disp_long,15,437,67,11.092824056200987,1.247343557966664,0.10833976603466092,0.9011637144111817,10.24391059737457,0.10608484755144355
mkt_regime,bull,HOLDOUT,down_disp_long,30,437,67,12.75988228135942,1.263866286607337,0.10536189084542177,0.1763369745318324,12.707736865214898,0.08828547521610129
mkt_regime,bull,HOLDOUT,down_disp_long,60,437,67,12.985278711864986,1.2887592685924847,0.1009904725288474,-1.9041238645151572,11.587501118808243,0.10007230829667907
mkt_regime,bull,HOLDOUT,up_disp_short,5,490,73,1.1592084320315152,0.405459766875276,0.3431709572210492,-1.2695413923664485,0.5099705589917284,0.43103112943481214
mkt_regime,bull,HOLDOUT,up_disp_short,10,490,73,2.5498334603597983,0.7904278293310825,0.21593687241454174,0.17917823764230922,1.4718250051589774,0.3296871281500131
mkt_regime,bull,HOLDOUT,up_disp_short,15,490,73,3.6750253055756956,0.9766259256211202,0.16601220122330476,-0.2071971827680234,2.360034239325256,0.26309230026635677
mkt_regime,bull,HOLDOUT,up_disp_short,30,490,73,9.446705220302189,1.8627336654465667,0.03328962222884629,3.599317958245359,7.06701174427346,0.07774034521845616
mkt_regime,bull,HOLDOUT,up_disp_short,60,490,73,19.46879880764495,2.6659616248273066,0.0047361883317556825,7.2323191815172665,14.3446047750808,0.022809332349837723
mkt_regime,bull,TRAIN,down_disp_long,5,977,125,2.6473665964437147,1.0433257860076,0.14941360099584258,1.3582321550573473,2.269598287696686,0.18278288429947495
mkt_regime,bull,TRAIN,down_disp_long,10,977,125,4.9623768696771835,1.7386942143389652,0.04228527742017877,0.3645663478759079,4.073368798549688,0.06729135662423313
mkt_regime,bull,TRAIN,down_disp_long,15,977,125,3.897230864690526,1.213296210673266,0.11366136486844915,1.6729201104604778,1.7858817709521135,0.2748668757148557
mkt_regime,bull,TRAIN,down_disp_long,30,977,125,4.208195707688058,1.2285433415747866,0.11078482383477707,-0.5745661176529704,1.004015639751441,0.3752098616162594
mkt_regime,bull,TRAIN,down_disp_long,60,977,125,13.681962144189434,2.603384983830827,0.005178507178343086,1.963888537825902,8.809956894516889,0.0325898679339951
mkt_regime,bull,TRAIN,up_disp_short,5,896,139,-0.38558550933741975,-0.2074050192674175,0.5820003453609791,-1.4419294173725954,-1.2100994534521836,0.7434559606436238
mkt_regime,bull,TRAIN,up_disp_short,10,896,139,0.37641195446845116,0.14021575682573942,0.4443469850970539,-1.9946269927405282,-2.057192736052416,0.7960715810717549
mkt_regime,bull,TRAIN,up_disp_short,15,896,139,0.24280763613633596,0.08109718017008401,0.46774108258391767,-2.7357559259208037,-2.4761777152510733,0.8074593901818569
mkt_regime,bull,TRAIN,up_disp_short,30,896,139,-1.400961572305845,-0.31671710304558515,0.6240315627940587,-6.258752991539742,-5.079621561739955,0.8766152003999037
mkt_regime,bull,TRAIN,up_disp_short,60,896,139,-0.016861959664296423,-0.002923849517308882,0.501164334325397,-6.743975764687702,-5.412708596899438,0.8235750594135656
mkt_regime,bull,VAL,down_disp_long,5,471,50,15.451163334806383,2.06083572192104,0.02232357061323198,22.024958790790073,10.898972717195461,0.06771487405004555
mkt_regime,bull,VAL,down_disp_long,10,471,50,19.56258842831667,2.510762083274817,0.007698047122947976,26.090498614772233,14.79774543235891,0.025538414038966593
mkt_regime,bull,VAL,down_disp_long,15,471,50,18.827504224256806,1.960526790331937,0.027816135743559837,27.291824870581724,13.406933124892271,0.0767638805443703
mkt_regime,bull,VAL,down_disp_long,30,471,50,28.346141361210993,2.192230460504574,0.01657147392923071,36.495643057653496,16.60023672327081,0.08582176270518717
mkt_regime,bull,VAL,down_disp_long,60,471,50,29.749662229559608,2.250813823092832,0.0144590181605318,30.020353243109742,18.386327508358715,0.0634094458526931
mkt_regime,bull,VAL,up_disp_short,5,261,57,3.665129676371732,1.497170735038699,0.06998218696629326,0.375793248679044,2.684793821019696,0.13506944623981829
mkt_regime,bull,VAL,up_disp_short,10,261,57,2.3907418286126587,0.39889483146338156,0.34574387648809063,-1.9333540614947748,1.0444523298064425,0.4292519785080834
mkt_regime,bull,VAL,up_disp_short,15,261,57,-2.3333412024442746,-0.32803554865774487,0.6279459248804329,-5.381573800023365,-3.862929240731868,0.7101996026015357
mkt_regime,bull,VAL,up_disp_short,30,261,57,-6.406900616114629,-0.7753639524257074,0.7793066697616451,-9.543663392430007,-9.257486654791768,0.8840886472885681
mkt_regime,bull,VAL,up_disp_short,60,261,57,-6.164874053935359,-0.5248537634719393,0.6991216996176819,-14.814074253895669,-10.595757699882498,0.8308493712921803
mkt_regime,choppy,HOLDOUT,down_disp_long,5,2299,226,-0.060865228153877314,-0.03175108392539247,0.5126506483452329,-0.3670251626412125,-0.4176242968849648,0.587926165128793
mkt_regime,choppy,HOLDOUT,down_disp_long,10,2299,226,0.39945135445717084,0.1787846445042187,0.42913384167971447,-0.15280278551066412,-0.9920650502101698,0.6751670420187633
mkt_regime,choppy,HOLDOUT,down_disp_long,15,2299,226,0.16934002364204095,0.05667109224153175,0.4774287477278242,0.36749121936688584,-1.5980089673865625,0.7046066878597784
mkt_regime,choppy,HOLDOUT,down_disp_long,30,2299,226,1.162961867854891,0.2647531194874324,0.3957210133313749,1.82115023054945,-1.7921439108771762,0.657742112437582
mkt_regime,choppy,HOLDOUT,down_disp_long,60,2299,226,5.39728016238871,1.2943189867442126,0.09844104874937351,-0.6840818065944937,-0.0481212959761557,0.5044686347613522
mkt_regime,choppy,HOLDOUT,up_disp_short,5,2379,237,-2.1580052523233713,-1.3325541300213068,0.9080183287955856,-1.4545764161583485,-2.928989325871688,0.9710187526550121
mkt_regime,choppy,HOLDOUT,up_disp_short,10,2379,237,-1.6549413811672775,-0.9423994501481873,0.8265240697733608,-0.8813072113358503,-2.5805251002572334,0.9369868991055892
mkt_regime,choppy,HOLDOUT,up_disp_short,15,2379,237,-1.9959631830225648,-0.9784574350225621,0.8355749664979145,-0.5355657000286017,-3.6488423183778456,0.9693266021752405
mkt_regime,choppy,HOLDOUT,up_disp_short,30,2379,237,-1.2695052322275693,-0.4435173711976764,0.6711010558444717,-0.3436086408525733,-3.944089391039386,0.9227875089293601
mkt_regime,choppy,HOLDOUT,up_disp_short,60,2377,237,2.329857905087374,0.7075278303739992,0.23996831379493855,2.0568746803303064,-2.0182647694627343,0.7432539655224877
mkt_regime,choppy,TRAIN,down_disp_long,5,864,117,5.7577416304428555,2.19077755778422,0.015233786467871583,1.1989103877103502,4.50953923485693,0.035256662191650655
mkt_regime,choppy,TRAIN,down_disp_long,10,864,117,10.255589108772917,3.3396521797685716,0.0005643063486741389,-2.423317313283501,8.53427579400313,0.0014366557493297803
mkt_regime,choppy,TRAIN,down_disp_long,15,864,117,12.916459866523901,3.050193960129855,0.0014171627232159925,-5.664373722807573,10.80941112572243,0.0021856269894746185
mkt_regime,choppy,TRAIN,down_disp_long,30,864,117,21.445216043935694,3.8680132660393665,9.080248390936472e-05,-3.0709846820364004,16.782191186023592,0.0007277318114539587
mkt_regime,choppy,TRAIN,down_disp_long,60,864,117,26.40218351050718,4.052102887695655,4.60689306361809e-05,-13.961956171912236,18.54359465489453,0.0009029343268279343
mkt_regime,choppy,TRAIN,up_disp_short,5,931,126,2.5412323079349117,1.476527001608788,0.07115865457737408,0.6742846555755387,2.2113822957951794,0.09398412782506077
mkt_regime,choppy,TRAIN,up_disp_short,10,931,126,0.484742930898503,0.18640110322781686,0.4262162008251672,-4.570957783965515,0.004836809254945516,0.49923560720444093
mkt_regime,choppy,TRAIN,up_disp_short,15,931,126,-1.8450315010606366,-0.6117805812983396,0.7291029674618144,-6.876568225753126,-2.5351260111011626,0.808782569609534
mkt_regime,choppy,TRAIN,up_disp_short,30,930,126,-1.151071121929019,-0.2784969653142395,0.6094544641996829,-7.682809107167759,-2.2319626861008355,0.7136931448977695
mkt_regime,choppy,TRAIN,up_disp_short,60,930,126,-4.546364944373233,-1.0448134406121163,0.8509372503002816,-9.490448315855183,-5.932151855445685,0.9340985043098249
mkt_regime,choppy,VAL,down_disp_long,5,607,65,2.5750114090823337,0.5319202210778524,0.2983114725984678,1.5052776061024102,1.635946371084081,0.36089197232335535
mkt_regime,choppy,VAL,down_disp_long,10,607,65,1.6720800743849895,0.24793740869150818,0.4024883056711882,1.369225041232076,-0.6723153817457823,0.5403174460026441
mkt_regime,choppy,VAL,down_disp_long,15,607,65,5.477082500493331,0.746694939503398,0.2289910315608458,1.7783163515825018,1.404098172044776,0.4187477261909044
mkt_regime,choppy,VAL,down_disp_long,30,607,65,16.662361123825367,1.756277900034936,0.04191240855111168,10.98092465218877,9.737077368707785,0.10345566193772422
mkt_regime,choppy,VAL,down_disp_long,60,606,65,11.742515998643844,1.0637741659950541,0.145714143264231,13.743397334862298,4.007835962939978,0.3322986795794809
mkt_regime,choppy,VAL,up_disp_short,5,432,61,8.248959362859493,2.8450379232866676,0.003033080332189474,3.665680436462525,7.106827387754091,0.006057277313456331
mkt_regime,choppy,VAL,up_disp_short,10,432,61,12.05915244263261,2.479139913809234,0.007998727957063596,3.4318261639343524,10.420803914915531,0.012562768708409227
mkt_regime,choppy,VAL,up_disp_short,15,432,61,16.14840327242628,3.119635981575953,0.0013910782710222667,5.019658310269153,13.327212813627582,0.0027495311401232337
mkt_regime,choppy,VAL,up_disp_short,30,432,61,15.646323759674994,2.001693191615911,0.024922716008828026,0.8571343163983058,10.32780964792406,0.07069685850737763
mkt_regime,choppy,VAL,up_disp_short,60,432,61,22.16168191976714,2.080926781353277,0.02085865834598939,-1.7606824291250855,14.086906794451053,0.07510464610253613
liq,low,HOLDOUT,down_disp_long,5,975,272,2.791438102311296,1.9588801873099093,0.02557608866364301,0.8109172684979841,2.454329084187098,0.039939564533882775
liq,low,HOLDOUT,down_disp_long,10,975,272,4.630852917695285,1.8887206898296984,0.02999853231239447,1.8644083036631438,3.036688728573052,0.09729455997263181
liq,low,HOLDOUT,down_disp_long,15,975,272,4.505309567242185,1.469715826916438,0.07139934875820081,2.384502527907544,2.8616713721625087,0.1648131831854985
liq,low,HOLDOUT,down_disp_long,30,975,272,3.307635670560459,1.0582956030677266,0.14543154681415923,2.202914766337444,0.9423596769712882,0.3795439763707235
liq,low,HOLDOUT,down_disp_long,60,975,272,6.140211062893326,1.305339979646432,0.09644212855643636,-0.12030936320411684,1.340064155879256,0.3832229692952842
liq,low,HOLDOUT,up_disp_short,5,1043,297,3.456600341095713,1.7723870925161815,0.038679437165504184,0.8145806217589524,3.104222621814004,0.05532297967001306
liq,low,HOLDOUT,up_disp_short,10,1043,297,4.279758091504184,1.8044181215088186,0.03609106882230828,2.5889394968298345,3.3680639146866502,0.07812680931020147
liq,low,HOLDOUT,up_disp_short,15,1043,297,6.246205370731505,2.3706863066196244,0.009197774989616528,4.359801830932539,4.627164769091706,0.03632637070855384
liq,low,HOLDOUT,up_disp_short,30,1043,297,9.00894331069838,2.4409931190167047,0.007616452554840742,5.51400405414869,7.1989816760793435,0.02547387046510356
liq,low,HOLDOUT,up_disp_short,60,1041,296,14.653262983589856,3.5822370439964644,0.00019917030521633797,8.607225182943923,10.740446054550763,0.004630247199967894
liq,low,TRAIN,down_disp_long,5,553,169,3.3859592115191455,1.3230586940794502,0.09380689916952582,-0.3343774295625181,1.904328245174132,0.21729491215090616
liq,low,TRAIN,down_disp_long,10,553,169,6.481320857676277,1.992195891988331,0.0239847334043547,-0.7417820640322799,5.427216548960231,0.04354636892604011
liq,low,TRAIN,down_disp_long,15,553,169,9.502433838501528,2.3172560486226947,0.010848122972913857,0.0015331120500786956,7.743643979683979,0.023173238197548022
liq,low,TRAIN,down_disp_long,30,553,169,12.470064555201093,1.9626660021689437,0.025668215970055804,2.4679710723367,9.665892448391357,0.05930891395356509
liq,low,TRAIN,down_disp_long,60,553,169,18.041319788429156,2.7247892183793914,0.0035577348047469296,-2.2688015055095097,14.926931118564028,0.011336643124377387
liq,low,TRAIN,up_disp_short,5,580,208,-0.6446411271561476,-0.26851930820907566,0.6057164850454879,0.4854233831838391,-1.0633772853663035,0.670209691250008
liq,low,TRAIN,up_disp_short,10,580,208,-3.805063317443641,-1.2520062155717102,0.8940097925619653,-3.6411033150253482,-4.632434547396853,0.939182177370939
liq,low,TRAIN,up_disp_short,15,580,208,-7.792823386027015,-1.7698939320147546,0.9608915245720255,-6.491006376045613,-8.37174635862503,0.9736333701198651
liq,low,TRAIN,up_disp_short,30,580,208,-6.276932765226683,-1.1248481311535947,0.8690219969656783,-9.6058426459095,-6.994652807288244,0.8916441253445123
liq,low,TRAIN,up_disp_short,60,580,208,-10.233870490422742,-1.5310287565786747,0.9363554620338542,-14.583982914103544,-11.409589686180485,0.9575584758217909
liq,low,VAL,down_disp_long,5,419,103,14.924674355219247,2.792520845535885,0.00312299057020769,10.482274492494373,11.675722569968212,0.01202709838435268
liq,low,VAL,down_disp_long,10,419,103,17.38151541644432,2.585434261139132,0.0055692976836980365,12.161649295393437,12.525696978509037,0.028882121923217235
liq,low,VAL,down_disp_long,15,419,103,17.135210414556667,2.2945913333458354,0.011902645296685806,16.21484552408266,11.553282528218194,0.057803661850470305
liq,low,VAL,down_disp_long,30,419,103,22.07849645725086,2.25382998212426,0.01317299902541908,23.43132674426822,14.711289051069867,0.04806252163997091
liq,low,VAL,down_disp_long,60,418,103,22.33573240090608,2.3203817818750077,0.011155730271169352,22.037985985282305,12.412283591565112,0.07557978203396774
liq,low,VAL,up_disp_short,5,285,109,3.4289911526923773,1.2834954953770379,0.10103282496339074,2.099791920199611,3.7682187629222064,0.07786578218792088
liq,low,VAL,up_disp_short,10,285,109,0.9824780060125506,0.2269598503656901,0.41044200509283757,-0.3039391180344731,0.6240642870424199,0.440071923296774
liq,low,VAL,up_disp_short,15,285,109,-0.18362242556762037,-0.0336548703387248,0.513392755922772,0.2127190615166134,-0.4243411586504956,0.5313617544407017
liq,low,VAL,up_disp_short,30,284,109,-4.963071243935462,-0.6303441484057487,0.735099527100795,-4.019354202633985,-6.0653257582495,0.7971981807943039
liq,low,VAL,up_disp_short,60,285,109,-10.221682323744428,-1.0569379552175735,0.8535508150414588,-10.563815002915737,-10.93186092277436,0.8890430360640731
liq,mid,HOLDOUT,down_disp_long,5,1036,265,1.725773742816091,0.6271234205948286,0.2655601552558938,-1.1754619492194622,1.2778294761752984,0.31391514736207765
liq,mid,HOLDOUT,down_disp_long,10,1036,265,1.0941747781496214,0.3356736834145637,0.36869177935758246,-2.3252881067550004,0.04729138401281566,0.4940013502164602
liq,mid,HOLDOUT,down_disp_long,15,1036,265,1.5796464791672107,0.4490716841312351,0.32687418166406584,-2.0145585926447183,0.34807659315859013,0.459532338261177
liq,mid,HOLDOUT,down_disp_long,30,1036,265,3.7438650009936474,0.7975042927409796,0.21293745882918214,-1.3648405552306027,1.2314245037709648,0.39178425880222134
liq,mid,HOLDOUT,down_disp_long,60,1036,265,5.264183350394795,0.9332876516540651,0.1757621261933437,-3.259318295612727,0.22846925698408546,0.48343366553583045
liq,mid,HOLDOUT,up_disp_short,5,1088,300,-4.105188568857622,-2.4573080866696655,0.9927170396200472,-3.6929155301866423,-4.117533982133741,0.9938808398461707
liq,mid,HOLDOUT,up_disp_short,10,1088,300,-1.756779087812662,-0.8241089382287379,0.7947327228950405,-2.255944788012418,-1.907501413120111,0.8222355368229736
liq,mid,HOLDOUT,up_disp_short,15,1088,300,-2.9115907968973183,-1.0354528661547584,0.8493529118008596,-2.5639309121728027,-4.137146055621023,0.9349676972706353
liq,mid,HOLDOUT,up_disp_short,30,1088,300,2.290677437475516,0.7466617592419246,0.22792722630163828,-0.38433275890212215,0.64040644967812,0.41439697546316656
liq,mid,HOLDOUT,up_disp_short,60,1088,300,4.992329266592505,1.2546009608333033,0.105301734130417,1.3451266600825231,1.5998467064057507,0.33788435428329217
liq,mid,TRAIN,down_disp_long,5,641,189,2.05810555956582,0.6321503269205755,0.2640283310360986,0.9024459652881729,1.961465348087036,0.2647637651393051
liq,mid,TRAIN,down_disp_long,10,641,189,3.479284134750404,0.9712837029350375,0.16632749981419567,-0.9421852162088282,2.69773769195752,0.20987889746197846
liq,mid,TRAIN,down_disp_long,15,641,189,4.765999967886778,1.167115322221373,0.12232100398632041,-0.9364085869697423,3.5307063502605196,0.17433764280705438
liq,mid,TRAIN,down_disp_long,30,641,189,10.053537710469023,2.0403491104176217,0.02135700588151889,3.635359985592557,6.2918339656294044,0.08356019867496904
liq,mid,TRAIN,down_disp_long,60,641,189,14.250533093705828,2.355122103033087,0.009773696790395277,-0.3416153001994211,7.143232020432648,0.08180464582895841
liq,mid,TRAIN,up_disp_short,5,604,201,0.9731143221546548,0.5072543962472265,0.3062675967407061,-0.3762582871896002,0.7891554900061155,0.3355724455845244
liq,mid,TRAIN,up_disp_short,10,604,201,0.9742396425976995,0.3936119029641701,0.3471434444860349,-2.1706780638933436,0.035655645704927505,0.4941864061704502
liq,mid,TRAIN,up_disp_short,15,604,201,0.5726554740977077,0.19315577711225934,0.42351649189147134,-4.060094193187334,-0.4874844916114217,0.5660645533500559
liq,mid,TRAIN,up_disp_short,30,604,201,-1.742267481108505,-0.4241433978369125,0.6640414540751561,-6.398911456126745,-3.3925877090067575,0.8012296728081614
liq,mid,TRAIN,up_disp_short,60,604,201,-2.5906227931875256,-0.5235127333734176,0.6994014649670504,-6.419553948740079,-4.591839618633297,0.8317934422337244
liq,mid,VAL,down_disp_long,5,470,107,2.8152456381575672,0.6975012898457374,0.24350810948611082,9.372226892672018,1.1745993450239207,0.37207070050779795
liq,mid,VAL,down_disp_long,10,470,107,1.3002352558625359,0.22094866146569708,0.4127787228602499,10.757582806621803,-1.6511605757950845,0.623247748149002
liq,mid,VAL,down_disp_long,15,470,107,0.9390447669866241,0.15963414471613818,0.4367365329898378,9.972623573809502,-2.903540916987002,0.7126642751884922
liq,mid,VAL,down_disp_long,30,470,107,10.013500118598643,1.0944494666717015,0.13811931135175157,11.98841659453727,3.115948635855331,0.3600920814604923
liq,mid,VAL,down_disp_long,60,470,107,4.814447430567952,0.4639656024290555,0.3218118995045482,5.8398730795588225,-2.343389152555343,0.5882483573629287
liq,mid,VAL,up_disp_short,5,340,118,0.05703577669115376,0.021678670690533558,0.4913706032079687,-1.3470064909083794,0.5898702695410776,0.414381758945631
liq,mid,VAL,up_disp_short,10,340,118,1.6388587878501202,0.43663220978645384,0.33159141101817613,-1.3885972301504061,1.3451846590403813,0.3570983319077799
liq,mid,VAL,up_disp_short,15,340,118,5.431550737355147,1.1343739509484136,0.12947825662554635,1.6594223721918435,3.5221305777749174,0.21044067711678383
liq,mid,VAL,up_disp_short,30,340,118,-1.1086646094541301,-0.2116213373271233,0.5836146746272733,-4.770642596393008,-3.1177979171640504,0.7397829613609609
liq,mid,VAL,up_disp_short,60,340,118,5.501098066457364,0.779210823593188,0.21871439275216828,-3.8741948873905825,0.6169269005745736,0.46252158766848
liq,high,HOLDOUT,down_disp_long,5,1109,278,-1.7874405178746116,-0.7749101090960411,0.7804731215124288,-1.1024671728728523,-2.241579558953764,0.8448180512125653
liq,high,HOLDOUT,down_disp_long,10,1109,278,-1.2047819533744208,-0.4672434565746395,0.6796534804905285,-0.38449671495211407,-2.2633868275122633,0.8225810519248811
liq,high,HOLDOUT,down_disp_long,15,1109,278,-0.4014243905006275,-0.12534191748692966,0.5498281061132404,0.9150095045743568,-2.210641761392779,0.7658916870005443
liq,high,HOLDOUT,down_disp_long,30,1109,278,4.494681014986552,0.7991130403488255,0.21245476860615953,3.487832301258803,1.6634638885194983,0.3809850806087345
liq,high,HOLDOUT,down_disp_long,60,1109,278,8.470162189355584,1.5300608324963976,0.06357142045671448,3.874020317943129,2.8120804319821544,0.3001395796370948
liq,high,HOLDOUT,up_disp_short,5,1201,315,-3.535979678564415,-2.0427852173619017,0.9790457698402107,-2.459697280027078,-3.5900181415046473,0.9881388353864331
liq,high,HOLDOUT,up_disp_short,10,1201,315,-2.59116683574395,-1.1625904665357476,0.8770607392343446,-3.2053318703621794,-2.826003217654533,0.9058665666286632
liq,high,HOLDOUT,up_disp_short,15,1201,315,-2.69908486371854,-1.0104352606008742,0.8434676082734534,-2.7345325881086633,-3.2366576046150204,0.8970345161146906
liq,high,HOLDOUT,up_disp_short,30,1201,315,-1.8865610138465652,-0.5683739388045249,0.7149063388713152,-3.3958946821840987,-3.202016265418024,0.8426705812464337
liq,high,HOLDOUT,up_disp_short,60,1201,315,3.453032404368551,0.7927545106277711,0.21425971276359929,-0.48365786229828944,0.4335152528053684,0.457479856679767
liq,high,TRAIN,down_disp_long,5,647,156,6.125221675082902,1.7150614822633812,0.04416619630320985,3.043731445550425,5.605733799486742,0.04868581707944181
liq,high,TRAIN,down_disp_long,10,647,156,10.549130784046712,3.272100521878366,0.0006580185446650824,-1.1181122593546733,9.967500025711374,0.0006459198994053589
liq,high,TRAIN,down_disp_long,15,647,156,9.387648834632639,2.2293889906805378,0.013612867857089778,-4.111570100930361,7.431476703090131,0.026723389407358564
liq,high,TRAIN,down_disp_long,30,647,156,12.213298631627715,2.6741073832971187,0.004148142436897427,-10.679653193189226,8.295162536086377,0.017505817685690275
liq,high,TRAIN,down_disp_long,60,647,156,23.66681700421477,4.198767895590207,2.254823315918792e-05,-13.401527652398265,17.464871944903432,0.00019877075878912482
liq,high,TRAIN,up_disp_short,5,643,205,2.5283446086371413,0.8506945486175455,0.19796821924855432,-1.1174110426269481,1.6915431202878122,0.2785641977997537
liq,high,TRAIN,up_disp_short,10,643,205,3.0298503440598656,0.7377070147581021,0.23077010746385407,-4.074367043640942,1.5879177072335435,0.3437094729072097
liq,high,TRAIN,up_disp_short,15,643,205,3.2495839880868593,0.7742521499800072,0.21983904274313434,-4.099909388817412,1.5657769474996757,0.3495585352891712
liq,high,TRAIN,up_disp_short,30,642,205,1.1678762507732858,0.20753040123732264,0.41790133725948003,-5.165925071584989,-1.2660138227905073,0.5949167238514483
liq,high,TRAIN,up_disp_short,60,642,205,4.859063036759296,0.7216975870259315,0.23565339949361966,-3.9448575446829226,1.8105737731078517,0.39021414423500905
liq,high,VAL,down_disp_long,5,530,106,4.056523114351238,1.4293424161589716,0.0779371665797541,10.463409762718447,1.248587942996237,0.30364461661267356
liq,high,VAL,down_disp_long,10,530,106,6.470167874254928,2.7405519470048954,0.0036049751333678114,11.441211379615263,3.45848275813519,0.03711022531978783
liq,high,VAL,down_disp_long,15,530,106,7.32026001502639,2.3745522270850006,0.00969310319885457,13.244656362475807,2.5771005194108594,0.17211183993582183
liq,high,VAL,down_disp_long,30,530,106,7.707482451090657,1.4361507334211465,0.07696607107215472,17.379867436993027,-0.18745291691495314,0.5185516283224062
liq,high,VAL,down_disp_long,60,530,106,11.891491212655723,1.6649172376392776,0.0494552716555261,20.004632418965578,2.298057551227337,0.3414889807928249
liq,high,VAL,up_disp_short,5,406,125,5.299006680747115,2.1535663331015282,0.016604685534627555,3.5885727378140175,3.7754040637085087,0.062102946944537656
liq,high,VAL,up_disp_short,10,406,125,6.7180717302236435,2.1106717117361598,0.01840463235395599,2.172474265862234,4.672399427701898,0.06854799161970397
liq,high,VAL,up_disp_short,15,406,125,4.0708066374035985,1.1628762844977447,0.12355636851654112,-0.057407975806802146,2.0497752454134543,0.28200016423071983
liq,high,VAL,up_disp_short,30,406,125,4.927412497558044,1.1734628959117575,0.12142964652778587,-1.5868261340241703,1.831003362093827,0.33727649754458755
liq,high,VAL,up_disp_short,60,406,125,9.670519395725831,1.7468320677034639,0.04157124980133238,-2.0254957931552897,4.3511851858179575,0.21236316140355935
svol,low,HOLDOUT,down_disp_long,5,1124,278,2.5466607558970358,1.1931426459757712,0.11691722702946453,-0.39857602687381105,1.8466551734585248,0.18262367817287734
svol,low,HOLDOUT,down_disp_long,10,1124,278,4.060083022529373,1.5883093458681223,0.05667857296393719,-0.7250903025431488,2.407290134538274,0.15661148054477197
svol,low,HOLDOUT,down_disp_long,15,1124,278,7.8170212959923555,2.8000627421178272,0.0027343546966653656,0.5565246160946061,5.502217831853939,0.01665152603544602
svol,low,HOLDOUT,down_disp_long,30,1124,278,7.294268145505739,2.0389697757314127,0.02120112363974877,-0.11247325605388572,4.176023971163011,0.10981992584481795
svol,low,HOLDOUT,down_disp_long,60,1124,278,9.872443022035794,2.340950856639396,0.009972068366069828,1.294705682508519,4.32144736848956,0.14504654047902166
svol,low,HOLDOUT,up_disp_short,5,1194,308,-1.988664287522601,-1.6146699199504229,0.9462952719080063,-2.781498118706714,-1.931240797307135,0.9450143077721893
svol,low,HOLDOUT,up_disp_short,10,1194,308,-1.2052889287238908,-0.7650974175364598,0.7775993579059242,-2.393568956771785,-1.4142810828390466,0.8351620900934558
svol,low,HOLDOUT,up_disp_short,15,1194,308,-0.19166770686545784,-0.1167978208970265,0.5464516799940556,-1.8757360135773935,-1.3352794903762437,0.8112466213798861
svol,low,HOLDOUT,up_disp_short,30,1194,308,2.228710987876602,1.0315712774918107,0.1515424894951343,-1.1718766713985256,0.691798383154167,0.3725509804567996
svol,low,HOLDOUT,up_disp_short,60,1193,308,4.825938522095497,1.691199966011344,0.04590672838397501,0.13422220366040646,1.1562952876987007,0.3311367184696733
svol,low,TRAIN,down_disp_long,5,604,176,2.9016663329131975,1.871894331729128,0.031444892686632704,1.132579359695195,2.417317183705764,0.050108432889111695
svol,low,TRAIN,down_disp_long,10,604,176,5.734034902085133,2.961864652428832,0.0017414095905847176,0.7893836450525517,4.1013006026914836,0.01795020208391838
svol,low,TRAIN,down_disp_long,15,604,176,7.67716092402999,2.888443326717154,0.002180341684771378,-2.019611674312534,5.239526789568459,0.02015232179470237
svol,low,TRAIN,down_disp_long,30,604,176,12.65523524508543,2.866429692169389,0.0023304266393027314,2.271894781144128,8.550671116760261,0.026191956743600513
svol,low,TRAIN,down_disp_long,60,604,176,13.576800079071184,3.0382651632442137,0.0013720383928583282,-0.040654401800444905,8.954115555989306,0.02368021084729817
svol,low,TRAIN,up_disp_short,5,651,218,-0.42668411951846025,-0.24056822939834427,0.5949415499246177,-0.45902427595369466,-1.271407869830303,0.7690587012394996
svol,low,TRAIN,up_disp_short,10,651,218,-1.1178295637930444,-0.5039008030542489,0.6925788604993176,-3.253230860394242,-2.7710943588700636,0.8993615326018416
svol,low,TRAIN,up_disp_short,15,651,218,-1.710067117664876,-0.6478360789125025,0.7411120948578661,-4.523049037063905,-3.51268816684609,0.9110513587075731
svol,low,TRAIN,up_disp_short,30,651,218,-4.223595849732876,-1.379268129775416,0.9153840429686109,-8.448363563433654,-6.655084073570179,0.9864752923791034
svol,low,TRAIN,up_disp_short,60,651,218,-6.462645683005697,-1.789843695318739,0.9625633266118405,-7.1089935278664775,-9.61755578828791,0.997427603041629
svol,low,VAL,down_disp_long,5,466,111,3.3945622803655637,1.9215941760993693,0.028622177153336092,6.615849138756819,0.13043201076115057,0.4683753919886338
svol,low,VAL,down_disp_long,10,466,111,4.065886433329107,1.6518305376727251,0.050710507302757064,6.039243755128399,-0.3006751055325221,0.5498232772931007
svol,low,VAL,down_disp_long,15,466,111,5.083305494683582,1.4977302191797244,0.06853374532773548,7.932388061602939,-0.18158503147192923,0.5233064373636758
svol,low,VAL,down_disp_long,30,466,111,4.5374935952955004,0.5480890120097157,0.29237067074928097,9.436446580640709,-4.0485199687376126,0.7082228476278352
svol,low,VAL,down_disp_long,60,465,111,11.891090071558253,1.2413084824652758,0.10856618019034008,8.934147827932685,2.768860388975249,0.38115682356244646
svol,low,VAL,up_disp_short,5,405,132,0.5524091299364011,0.23121375115414863,0.4087547447971487,-0.7649276607851845,0.06429422655674398,0.48855210344959543
svol,low,VAL,up_disp_short,10,405,132,0.6722157489221326,0.21102619796008007,0.4165973731832962,-2.6977735412509913,-0.6263337802180275,0.5848288744432552
svol,low,VAL,up_disp_short,15,405,132,2.571431298111034,0.7698288906843614,0.2213936807744652,-3.3901186492585733,0.7415141699036152,0.4021393596969363
svol,low,VAL,up_disp_short,30,405,132,0.504069548882771,0.11892711622147056,0.4527576381632468,-7.052646733803994,-2.5964952156705485,0.7423955483738669
svol,low,VAL,up_disp_short,60,405,132,6.959068583503424,1.402680617215391,0.08153879673904611,-4.029683987947408,0.926019939438808,0.4212795846471421
svol,mid,HOLDOUT,down_disp_long,5,1059,278,1.2943212376479383,0.5612429306578886,0.2875428453515691,-0.5822874324909264,1.126116092000148,0.30861568131829364
svol,mid,HOLDOUT,down_disp_long,10,1059,278,3.5602683166058045,1.363482041202944,0.08691887156991243,0.12879659369643676,2.326147312771508,0.1758692509019826
svol,mid,HOLDOUT,down_disp_long,15,1059,278,2.297363914202883,0.7640445337619401,0.22274551291937422,-0.10414881835019082,0.9238275758386805,0.3776029164347534
svol,mid,HOLDOUT,down_disp_long,30,1059,278,2.1542893176502758,0.5718365299199875,0.2839482335787094,0.39554280216068216,-1.0560020801991656,0.6157993357703042
svol,mid,HOLDOUT,down_disp_long,60,1059,278,3.9269082389019236,0.900204901597606,0.18439658153685765,-1.8727332121331801,-2.2795803649876407,0.7123829123122356
svol,mid,HOLDOUT,up_disp_short,5,1126,312,-1.4572483130023268,-0.953765228101092,0.8295283971552546,-2.3534156165852433,-1.67541652038003,0.867125340007056
svol,mid,HOLDOUT,up_disp_short,10,1126,312,0.12973942347768622,0.06590087323647441,0.4737495438063367,-1.5911068523768757,-0.5302902379046236,0.6085709839325979
svol,mid,HOLDOUT,up_disp_short,15,1126,312,-0.22692902824638997,-0.09840744132132248,0.5391639195663084,-2.3801462687894612,-1.2529455785971089,0.7111601301255875
svol,mid,HOLDOUT,up_disp_short,30,1126,312,1.1494907996648942,0.3962032635458403,0.34611338777752026,-2.40450994159558,-0.07387810386567449,0.5101395932552868
svol,mid,HOLDOUT,up_disp_short,60,1126,312,6.785238402631444,1.9433774943371644,0.026436256674426378,2.066341371279661,3.6809232151949893,0.13955628389185484
svol,mid,TRAIN,down_disp_long,5,625,173,-0.5333620553104628,-0.1762944569267766,0.569864991740415,-1.3623655810168482,-1.2341646400145492,0.6677833278564986
svol,mid,TRAIN,down_disp_long,10,625,173,2.2024278292467603,0.7167633312478348,0.23724614554457266,-1.5894867589979231,1.4216938957832186,0.30620366325303794
svol,mid,TRAIN,down_disp_long,15,625,173,1.8284195469112932,0.4880703340738329,0.3130608134017255,-2.2276434131794125,0.14349550031213515,0.483261365415873
svol,mid,TRAIN,down_disp_long,30,625,173,6.05235876022683,1.2782178923517633,0.10144741929644242,-0.8811956613196137,2.179362523430337,0.3093076576780103
svol,mid,TRAIN,down_disp_long,60,625,173,14.218767965947011,2.2210348688574184,0.013827106297799338,-3.2188014669654788,7.585021446693139,0.09170090477654619
svol,mid,TRAIN,up_disp_short,5,609,213,1.1756611771151395,0.5338802569728537,0.29699186331869304,-0.05609289382698054,1.1640057932033527,0.29888014700359283
svol,mid,TRAIN,up_disp_short,10,609,213,0.48498174398614835,0.17861038928297016,0.4292071022698094,-1.3864941088595515,-0.34995810540826,0.5524766644736041
svol,mid,TRAIN,up_disp_short,15,609,213,-1.934425990978146,-0.6094860151195459,0.728572507844991,-3.6851107737422275,-2.5053832773627227,0.795237966042623
svol,mid,TRAIN,up_disp_short,30,609,213,-3.573804493920746,-0.7654439659500375,0.7775707322080311,-7.558714946568387,-4.780480731862058,0.8530796849667979
svol,mid,TRAIN,up_disp_short,60,609,213,-3.057541812171607,-0.5833591024578136,0.7198641716584936,-12.3525479732276,-4.80093885175112,0.8327134965015762
svol,mid,VAL,down_disp_long,5,484,107,8.02567080064849,1.675211414981758,0.048420225532476824,8.734462855346985,6.395207995137284,0.08467271479437662
svol,mid,VAL,down_disp_long,10,484,107,10.1960161157821,1.8516529741650276,0.03342948521607064,10.268303711638318,6.977544960840168,0.10315169569226812
svol,mid,VAL,down_disp_long,15,484,107,9.848478355429561,1.4153283783282333,0.07995176434000771,11.387350654871986,5.679789569184131,0.19918500810340523
svol,mid,VAL,down_disp_long,30,484,107,14.445728778909727,1.3845414592312815,0.08455017567563146,16.189417170582413,7.252691517691272,0.22849818107952297
svol,mid,VAL,down_disp_long,60,484,107,12.67757083738579,1.2635566042924715,0.10458057530753949,15.955419696605091,3.6124704773585905,0.3486268201173842
svol,mid,VAL,up_disp_short,5,318,108,2.006818585171905,0.6865414682189861,0.24692842457514247,-0.262100920401092,2.7166164492216036,0.17834682670186564
svol,mid,VAL,up_disp_short,10,318,108,0.8623747968292119,0.21331667516452812,0.41574294159267,-0.8930174120720156,1.2137235473864083,0.3836584120821381
svol,mid,VAL,up_disp_short,15,318,108,-0.39590977611591993,-0.0863282925356776,0.5343166063302588,0.10144077528558412,-0.18969347830899483,0.516751124152973
svol,mid,VAL,up_disp_short,30,317,108,-1.89372061858934,-0.2643123205056117,0.603976151805472,-1.4737490775374138,-2.2724632217048626,0.6301490818601798
svol,mid,VAL,up_disp_short,60,318,108,-9.629232226412247,-1.0749894331735403,0.8576012267791516,-8.465556985142003,-11.45666851018742,0.9173474674224921
svol,high,HOLDOUT,down_disp_long,5,937,256,-2.4824776700008013,-0.9820910392906356,0.8365070704963857,-0.6244701089730704,-2.907823124538715,0.8823716414245735
svol,high,HOLDOUT,down_disp_long,10,937,256,-2.0838513961136425,-0.681800032927818,0.752007911397883,-0.3617943778810433,-2.8942429773411025,0.8433169242563756
svol,high,HOLDOUT,down_disp_long,15,937,256,-2.606766525421058,-0.6578400926463355,0.7443828531849768,0.7868865885223096,-4.032541860304052,0.8631332159669388
svol,high,HOLDOUT,down_disp_long,30,937,256,2.074447340862094,0.3816428168288159,0.35152207024561727,4.599160316299382,0.23903882105671515,0.48136548877378094
svol,high,HOLDOUT,down_disp_long,60,937,256,5.037138896594579,0.8761804180549687,0.19087828791347006,1.4197528641724566,1.1665514644847925,0.41372730689379317
svol,high,HOLDOUT,up_disp_short,5,1012,295,-0.039836446541770515,-0.01881512174542788,0.5074993235433278,-0.14953182178873575,-0.5741014976602263,0.6124301698538828
svol,high,HOLDOUT,up_disp_short,10,1012,295,0.572244129078934,0.24284842722856956,0.40414607827385807,1.0333004344791517,0.39513241574500346,0.43141610017902005
svol,high,HOLDOUT,up_disp_short,15,1012,295,1.7611437801887388,0.5106756283813467,0.30498071946258254,3.352980570917458,1.1285852340633271,0.3687147604615696
svol,high,HOLDOUT,up_disp_short,30,1012,295,5.39003310481158,1.2229961567333918,0.11115527930298187,5.29761028989618,3.5239749982531037,0.20440413094068874
svol,high,HOLDOUT,up_disp_short,60,1011,295,9.713511213507601,1.9003736638934525,0.029181092786244107,7.27588393270663,6.226245185152196,0.0981075736120606
svol,high,TRAIN,down_disp_long,5,612,163,7.764129808233754,2.295590851629412,0.011490746977848848,4.134398603516999,6.972578425268406,0.014406199478037143
svol,high,TRAIN,down_disp_long,10,612,163,10.791081646985509,2.446056467906827,0.007756290056022294,-1.994972768039574,9.725901624653389,0.007250564692945786
svol,high,TRAIN,down_disp_long,15,612,163,14.628297941284126,2.9368795968048915,0.0018992633949189376,-1.0579303334378327,12.649937316663841,0.0015551978248699192
svol,high,TRAIN,down_disp_long,30,612,163,16.522134069780147,2.861846795994475,0.0023840810066658525,-6.595031081229902,13.219124711051105,0.003578017287915254
svol,high,TRAIN,down_disp_long,60,612,163,30.21833053433651,3.6747568472526897,0.00016161343403350934,-13.24853734564603,23.746798053434905,0.000624453584410436
svol,high,TRAIN,up_disp_short,5,567,183,-0.8249647081334461,-0.2684942209492135,0.6056884931696251,-0.5841699605617859,-0.9538693416610644,0.6258072446929546
svol,high,TRAIN,up_disp_short,10,567,183,-5.636338488972622,-1.39233162833887,0.9172395867178036,-5.433014603095749,-6.122559324322354,0.9407633966593723
svol,high,TRAIN,up_disp_short,15,567,183,-6.526666766822715,-1.2214382078999158,0.8882500188551135,-6.463112775068048,-7.243382185413852,0.9179444304617523
svol,high,TRAIN,up_disp_short,30,566,183,-5.158274318178001,-0.792162522335598,0.7853513900971316,-4.68147185129005,-7.086612623045016,0.8734717370670506
svol,high,TRAIN,up_disp_short,60,566,183,-6.1680463806038395,-0.7906964534988523,0.7849248667119695,-4.802230948001447,-8.215217318077457,0.8676506203697202
svol,high,VAL,down_disp_long,5,469,105,9.133236784336999,1.6395876085422916,0.05205623671344811,14.993946920049357,7.207009557220444,0.0886886657761024
svol,high,VAL,down_disp_long,10,469,105,10.028814066161182,1.3486218506175318,0.09019396573276481,17.977591511205564,7.41978687639302,0.14557674056039413
svol,high,VAL,down_disp_long,15,469,105,9.442303627970775,1.1129458401545487,0.13414876346498408,19.814180538866243,5.225580741580145,0.2580733391197827
svol,high,VAL,down_disp_long,30,469,105,18.353573019399377,1.9734204507936397,0.025550438790483816,26.5043697862404,12.617008395577386,0.0771281579556393
svol,high,VAL,down_disp_long,60,469,105,11.560250818138112,1.0232240378591366,0.15428807193859603,22.776698929950623,4.982728751826801,0.3195006994384356
svol,high,VAL,up_disp_short,5,308,113,9.316145453318747,2.986654211051677,0.0017326445655238016,6.462866289630126,9.092631329077179,0.0018339389905879038
svol,high,VAL,up_disp_short,10,308,113,13.680247847992264,2.753838376088971,0.0034373775393746046,5.519015150307327,13.393145453732942,0.002445287649110277
svol,high,VAL,up_disp_short,15,308,113,14.573611810661923,2.573948869943963,0.005679959059679587,6.306041517236384,13.703248355931313,0.004840937335726951
svol,high,VAL,up_disp_short,30,308,113,9.84301739780428,1.3365066431231658,0.09204626039339203,-0.27359124014775843,9.241493293438417,0.09089090989364955
svol,high,VAL,up_disp_short,60,308,113,13.665916844944219,1.257101502849246,0.10566604586087287,-2.682453549256409,10.305387996332763,0.15025671984190883
era,post-CAS,HOLDOUT,down_disp_long,5,319,39,-2.8018072260617024,-1.3270945615454866,0.9038017310301765,-0.9517933001724659,-3.097920351554537,0.9169476128579253
era,post-CAS,HOLDOUT,down_disp_long,10,319,39,0.6117072274548497,0.1978365771965492,0.4221137307809773,1.0831397620064216,-0.4507203258347087,0.553676946498715
era,post-CAS,HOLDOUT,down_disp_long,15,319,39,1.005234962283223,0.3374411256074921,0.36882065406332715,0.01595840691537086,0.013185447138007261,0.4983615838508415
era,post-CAS,HOLDOUT,down_disp_long,30,319,39,-1.1804033492619759,-0.3465425971737039,0.6345766776489683,-1.9393697061911408,-3.3334645936799157,0.8241623596106173
era,post-CAS,HOLDOUT,down_disp_long,60,319,39,2.778777118124236,0.5052299379646223,0.3081576285341378,-2.283167988517916,0.37792134532180444,0.4714605081997223
era,post-CAS,HOLDOUT,up_disp_short,5,431,41,0.07981950260635115,0.04133268172622459,0.48361815323437507,0.21612135141696873,-0.6980684741483514,0.6334577392713145
era,post-CAS,HOLDOUT,up_disp_short,10,431,41,4.594739659719483,2.1961907831164216,0.01696844563182311,2.3976777856076597,3.850007926638719,0.02802763256693908
era,post-CAS,HOLDOUT,up_disp_short,15,431,41,5.710323853808889,2.37593319736597,0.011191457262850635,3.246347746381386,4.324144099545141,0.03892207230769422
era,post-CAS,HOLDOUT,up_disp_short,30,431,41,7.661571446154641,2.7067871574434115,0.0049705627665169875,3.623917386369314,5.915652132608919,0.019108935764603503
era,post-CAS,HOLDOUT,up_disp_short,60,431,41,10.39947511960044,2.640282336872111,0.005877768584730871,5.822098564180075,6.6445577137308245,0.042542950685988845
era,pre-CAS,HOLDOUT,down_disp_long,5,2801,303,1.1759139948337258,0.5154459971342248,0.3033092512821315,-0.48059559963113385,0.6522171759474875,0.38431657431607086
era,pre-CAS,HOLDOUT,down_disp_long,10,2801,303,1.888007706932897,0.6960221130622922,0.24347513783933963,-0.4866579162758155,0.45972237930703336,0.4295098245706129
era,pre-CAS,HOLDOUT,down_disp_long,15,2801,303,2.7668373686545373,0.8633835101518066,0.19430589901931788,0.44536311013812424,0.6269562748729282,0.4190967112501444
era,pre-CAS,HOLDOUT,down_disp_long,30,2801,303,4.766516192887891,1.1320246073855407,0.12926106114073374,1.8638100822317347,1.3556546373070784,0.3709173221069235
era,pre-CAS,HOLDOUT,down_disp_long,60,2801,303,8.27067544174989,1.9657835472475875,0.025119781298879897,0.5464704525374324,1.6826824569543355,0.34233798300399215
era,pre-CAS,HOLDOUT,up_disp_short,5,2901,321,-2.287226483835888,-1.5905841278741326,0.9436547026284205,-2.1425471368913187,-2.656240019530984,0.9759019980102421
era,pre-CAS,HOLDOUT,up_disp_short,10,2901,321,-1.8846409813791005,-1.2646104630114672,0.8965343802443223,-1.5984856036076773,-2.6884930472337767,0.9712906798394232
era,pre-CAS,HOLDOUT,up_disp_short,15,2901,321,-1.3346377388811648,-0.7643876135551327,0.7774002151983932,-1.0084912236436578,-2.850318293951132,0.9561655966811647
era,pre-CAS,HOLDOUT,up_disp_short,30,2901,321,1.1592315055595241,0.4813781967594412,0.315288368285211,-0.10597232679651973,-1.3677020092036396,0.7194984773963493
era,pre-CAS,HOLDOUT,up_disp_short,60,2899,321,7.348287360265484,2.343819926483179,0.009849472470513043,2.5296383745541746,2.3422465357543976,0.21670836237142105
era,pre-CAS,TRAIN,down_disp_long,5,1841,242,4.151142955856521,2.1994470140270943,0.014398192135771821,1.2834608313268718,3.3525449439683737,0.0320134030254618
era,pre-CAS,TRAIN,down_disp_long,10,1841,242,7.521491877835038,3.399711118390874,0.0003946706226444027,-0.9438157722988496,6.230088296351558,0.0014187992001606102
era,pre-CAS,TRAIN,down_disp_long,15,1841,242,8.257767200287656,2.935990027156528,0.0018232553188487208,-1.7705464142237124,6.148497202803878,0.008045207833372908
era,pre-CAS,TRAIN,down_disp_long,30,1841,242,12.54179644876646,3.660472355343526,0.00015467373392306832,-1.746160707347313,8.63230712286649,0.003596442113623561
era,pre-CAS,TRAIN,down_disp_long,60,1841,242,19.831821234516607,4.595268335647685,3.4868516860716064e-06,-5.510272151589501,13.51588920015401,0.000267977775991531
era,pre-CAS,TRAIN,up_disp_short,5,1827,265,1.0060335283090474,0.772747713433178,0.22018149009868365,-0.36355213115764595,0.41671828392580784,0.3730141090883477
era,pre-CAS,TRAIN,up_disp_short,10,1827,265,0.42792026778990944,0.2237545799651857,0.41156066331731117,-3.307469886353261,-1.07675604658552,0.72348965267161
era,pre-CAS,TRAIN,up_disp_short,15,1827,265,-0.7499007838139227,-0.34329608585899524,0.634175527772249,-4.845825028900494,-2.5042059615797947,0.8867279251918028
era,pre-CAS,TRAIN,up_disp_short,30,1826,265,-1.2821457355229027,-0.39908588753622726,0.6549237240049911,-6.9840389649976045,-3.725640360492675,0.8852858249065987
era,pre-CAS,TRAIN,up_disp_short,60,1826,265,-2.170512435412697,-0.5710785116084158,0.7157838828863323,-8.142781609477273,-5.659689165113879,0.9376376600892146
era,pre-CAS,VAL,down_disp_long,5,1419,150,8.858802348835244,2.3493102538897004,0.010060347625966193,10.107559426463544,6.430545685536364,0.04056317498608494
era,pre-CAS,VAL,down_disp_long,10,1419,150,11.110193817096475,2.560488788038288,0.005723575566390526,11.427510222042416,7.7435618786710405,0.03506688349657099
era,pre-CAS,VAL,down_disp_long,15,1419,150,11.456761464581312,2.2357212036057112,0.013428247932652656,13.037928982659112,6.697542697344961,0.09410573995945536
era,pre-CAS,VAL,down_disp_long,30,1419,150,18.662696509296936,2.619190662857365,0.004862641496289928,17.380980582725304,10.69712689502943,0.05274621132512281
era,pre-CAS,VAL,down_disp_long,60,1418,150,18.037045033513678,2.3552995114506725,0.009905514697632574,15.909078752674475,8.69102468609484,0.10820777571750598
era,pre-CAS,VAL,up_disp_short,5,1031,161,4.625968729635938,2.82131999271951,0.0026945036200785285,1.5493879940839295,3.9610053789032436,0.006653804827550775
era,pre-CAS,VAL,up_disp_short,10,1031,161,5.65519234441086,1.9200269497807672,0.02831678388166637,0.3135585306004894,4.174916823742285,0.07057335716657855
era,pre-CAS,VAL,up_disp_short,15,1031,161,5.567681167730191,1.5270025789174444,0.06436739148407696,0.5834344334625606,3.3047424915850274,0.16408273144417787
era,pre-CAS,VAL,up_disp_short,30,1030,161,3.60032594736801,0.7956047740525518,0.21372026615548687,-3.3085111521703756,-0.08921805085029724,0.508520623149237
era,pre-CAS,VAL,up_disp_short,60,1031,161,8.381706297787991,1.3545497811161153,0.08873537582606669,-4.9954072061734545,1.9009902085476662,0.3724503670340583
bar,first-bar k59,HOLDOUT,down_disp_long,5,466,172,1.9883883995618263,0.7509721391732336,0.22685080868981333,-0.6534217109400513,1.2023574112018625,0.31231000482103816
bar,first-bar k59,HOLDOUT,down_disp_long,10,466,172,6.75477141394287,1.9258202238451976,0.027892876076545604,0.7654924106353079,4.748615808891862,0.07121544398793009
bar,first-bar k59,HOLDOUT,down_disp_long,15,466,172,5.478627703518587,1.3860335349747905,0.08377071227433013,1.1788326146351595,4.3918122751573305,0.10903296873396633
bar,first-bar k59,HOLDOUT,down_disp_long,30,466,172,7.240299656980647,1.3966966538370855,0.08215745407481632,8.949543645632332,7.239145347100819,0.0727398392334712
bar,first-bar k59,HOLDOUT,down_disp_long,60,466,172,8.46468262104235,1.3298692348212844,0.09266624967915726,11.271572264285938,7.585924448377624,0.10614081197257069
bar,first-bar k59,HOLDOUT,up_disp_short,5,353,175,-3.5351978861949114,-1.555875239996605,0.9392226257010886,-3.038637796477666,-2.6374148444866305,0.8954202378412774
bar,first-bar k59,HOLDOUT,up_disp_short,10,353,175,-3.3164179459097842,-1.0856774505001254,0.860438221709253,-2.931041688780271,-1.1797122033166387,0.6555751159942491
bar,first-bar k59,HOLDOUT,up_disp_short,15,353,175,-4.138790629937439,-1.1402573955053026,0.8721269076252209,-5.207720830727613,-2.629729277223429,0.7841185954884997
bar,first-bar k59,HOLDOUT,up_disp_short,30,353,175,-1.132711914230609,-0.18420754388417668,0.5729674260340727,-2.181548629958594,-0.513901599473371,0.5353555771018361
bar,first-bar k59,HOLDOUT,up_disp_short,60,353,175,1.7367272230359727,0.20500430899892175,0.41890418914637506,1.166041759403911,2.546714653188535,0.3745503830066103
bar,first-bar k59,TRAIN,down_disp_long,5,198,100,-0.3898690833635611,-0.11674774616609258,0.5463517677107913,5.600341406128922,-1.3972886866699783,0.6687292616992999
bar,first-bar k59,TRAIN,down_disp_long,10,198,100,-2.2395025128856414,-0.4453087351525459,0.6714655696023688,-0.09493428738353096,-2.111859624587405,0.6748478835661877
bar,first-bar k59,TRAIN,down_disp_long,15,198,100,-1.45105417355996,-0.23195909198505837,0.5914757056943005,1.923667818094796,-1.2102034588956838,0.5829899405149954
bar,first-bar k59,TRAIN,down_disp_long,30,198,100,4.897802414140012,0.5902878211166512,0.2781713649728331,10.712800544741771,5.455646096103099,0.24048159899944868
bar,first-bar k59,TRAIN,down_disp_long,60,198,100,18.00452618640475,2.279556336636432,0.012390046607312908,30.65056287984912,18.251801654174027,0.012692509787479213
bar,first-bar k59,TRAIN,up_disp_short,5,297,136,1.3462416174496183,0.4237322269862808,0.3362177373128404,-0.20653860954893552,0.33938402506673215,0.45750823989495176
bar,first-bar k59,TRAIN,up_disp_short,10,297,136,1.5315733632900295,0.3860742125070912,0.3500247346196884,-4.6441704230583625,-0.4190577869024089,0.5434109005631611
bar,first-bar k59,TRAIN,up_disp_short,15,297,136,-2.05651083570408,-0.4529950323784939,0.6743602357172674,-5.186609276564026,-4.1165823026938915,0.8157412837399958
bar,first-bar k59,TRAIN,up_disp_short,30,297,136,-4.1509731429096135,-0.7300434969580796,0.7666857411991101,-11.588392062996798,-6.6254544812521265,0.8864754166687672
bar,first-bar k59,TRAIN,up_disp_short,60,297,136,-9.947160325277295,-1.4304267299000213,0.9225474611776576,-11.77435255330437,-13.896696871696644,0.9807670170969834
bar,first-bar k59,VAL,down_disp_long,5,246,76,8.765747641592066,1.921323454598666,0.029245468075443048,10.186107803168353,8.676821171139157,0.010793441194750402
bar,first-bar k59,VAL,down_disp_long,10,246,76,9.530542105646186,1.9194748668139632,0.02936407812950118,9.554460510839087,6.715774311535539,0.06953707541677288
bar,first-bar k59,VAL,down_disp_long,15,246,76,9.8992865938941,1.2947195886742942,0.09969442096344788,16.671331512233653,6.877654981584394,0.15340822770701504
bar,first-bar k59,VAL,down_disp_long,30,246,76,7.364272320649016,0.5848663392766851,0.28019652168488035,8.65532292671642,2.4042165167483645,0.4166506344098317
bar,first-bar k59,VAL,down_disp_long,60,246,76,1.649654291394051,0.11849088607294977,0.45299775132675735,3.186382273187889,-3.4113407161452898,0.5978392149918641
bar,first-bar k59,VAL,up_disp_short,5,120,58,-0.4835713198142515,-0.12837275277529386,0.5508470686675433,0.077687613082837,1.4130341737498915,0.3358249244924237
bar,first-bar k59,VAL,up_disp_short,10,120,58,-10.975186941486982,-2.506784580964454,0.9924702798320844,-9.564158349885766,-7.566182599457078,0.9625514086092712
bar,first-bar k59,VAL,up_disp_short,15,120,58,-15.757667733819497,-2.675424893269303,0.9951374376443175,-11.589018850441827,-11.326695639319912,0.9735418497183511
bar,first-bar k59,VAL,up_disp_short,30,120,58,-15.569234848774334,-1.5024941076354603,0.9307550829163381,-20.605769918988585,-4.151510862146547,0.665625619859824
bar,first-bar k59,VAL,up_disp_short,60,120,58,-12.814847015696367,-1.0674710670870047,0.8548702456325903,-17.905452790410955,-4.479146675609411,0.639139382598797
bar,later,HOLDOUT,down_disp_long,5,2654,335,0.4355897453939292,0.20026485697968976,0.42069766385688073,-0.5068861416818985,0.00840453709938052,0.49840665946894264
bar,later,HOLDOUT,down_disp_long,10,2654,335,1.061427196300842,0.41323686746875793,0.33984912744832646,-0.5178322165653969,-0.13188710726531336,0.5213654652967074
bar,later,HOLDOUT,down_disp_long,15,2654,335,1.9643649027170282,0.6282274096242946,0.265142153627616,0.2649648850350051,0.024089463277684797,0.4967749895580403
bar,later,HOLDOUT,down_disp_long,30,2654,335,3.494579798279795,0.8733704435330137,0.19154433828282097,0.16254173518894122,0.3228056333206129,0.46679129138477865
bar,later,HOLDOUT,down_disp_long,60,2654,335,6.481216471827873,1.581114042782597,0.057399222039839305,-1.6767971084917546,0.5826183864735165,0.44233131035176815
bar,later,HOLDOUT,up_disp_short,5,2979,359,-2.0949142475605393,-1.506355332816833,0.9335710940265391,-1.695113057906809,-2.5056313891052713,0.9712377148889871
bar,later,HOLDOUT,up_disp_short,10,2979,359,-1.171792385366317,-0.7602783020483123,0.7762056731577964,-0.8624202397883641,-2.0610316512693156,0.9166808677284074
bar,later,HOLDOUT,up_disp_short,15,2979,359,-0.46880357113791044,-0.2755973678921851,0.6084918316159047,0.10468891982107156,-2.004267160057047,0.8856215911459177
bar,later,HOLDOUT,up_disp_short,30,2979,359,1.4077239741388121,0.6549448092573571,0.2564619370422388,0.6796137428210319,-1.09859538060371,0.6949471946810066
bar,later,HOLDOUT,up_disp_short,60,2977,359,6.790489472115634,2.579392198461003,0.005147834596391522,3.167999122581318,1.7588555750786026,0.2427000823453661
bar,later,TRAIN,down_disp_long,5,1643,235,3.6843370741919843,1.6933953220610574,0.0458554824008255,0.7632281144608912,2.9118353361119254,0.07824186824192592
bar,later,TRAIN,down_disp_long,10,1643,235,7.596935648792793,2.989650720164271,0.0015455739097570804,-1.0461155495436658,6.203808848366559,0.0046492810339591704
bar,later,TRAIN,down_disp_long,15,1643,235,8.701357576090514,3.014693511406318,0.0014279210113203337,-2.2157408256656264,6.413815759314879,0.006463366898060166
bar,later,TRAIN,down_disp_long,30,1643,235,14.60498350541165,4.087799754494135,2.994416416386732e-05,-3.2476058247627964,10.036637868073685,0.000977090289520253
bar,later,TRAIN,down_disp_long,60,1643,235,22.496029510607652,4.192118903726964,1.960471789511562e-05,-9.868059939918679,15.564333939509874,0.0010093781482694057
bar,later,TRAIN,up_disp_short,5,1530,259,0.8009178413308958,0.5552071540842238,0.2896170161569741,-0.394031226528749,0.33007950642055905,0.40702007583488564
bar,later,TRAIN,up_disp_short,10,1530,259,-0.010632382778942752,-0.00529396274727885,0.5021099301757304,-3.0479927233458,-1.1462045882103773,0.7232026815318917
bar,later,TRAIN,up_disp_short,15,1530,259,-0.32970891777409356,-0.1415387891333591,0.5562226128905037,-4.779672792589338,-1.7627846892503283,0.7881264878259395
bar,later,TRAIN,up_disp_short,30,1529,259,-0.7863325736231331,-0.22382560456535933,0.5884649300811816,-6.0896682193430856,-2.862906775591485,0.8023498690866305
bar,later,TRAIN,up_disp_short,60,1529,259,-1.3387614571607351,-0.291556575728483,0.6145700206733586,-7.437368548446109,-3.8700364640607035,0.8100063147582757
bar,later,VAL,down_disp_long,5,1173,141,6.491430840523368,1.817979743219199,0.03560256288519124,10.091086365364324,4.03757986163546,0.13216870381479645
bar,later,VAL,down_disp_long,10,1173,141,9.329326119687424,2.2350669065172184,0.013498400982889857,11.820323716463577,6.747948233449641,0.05337979954818016
bar,later,VAL,down_disp_long,15,1173,141,8.06432857383423,1.6789040672317805,0.04770066878841505,12.275936636303323,4.031903487962901,0.19712637833765348
bar,later,VAL,down_disp_long,30,1173,141,16.979120574847826,2.8639317436332408,0.002414289927193357,19.21091390188829,9.903485858613724,0.0413119148411533
bar,later,VAL,down_disp_long,60,1172,141,17.784345251817694,2.6968394943110563,0.003929870054144826,18.57954234819811,8.818232103664815,0.07200625392966885
bar,later,VAL,up_disp_short,5,911,158,4.522361226867924,2.7153827353984403,0.0036807415828374467,1.7432453439413733,3.642665310559555,0.011282720923606961
bar,later,VAL,up_disp_short,10,911,158,6.2907727332874535,2.106981128695908,0.018354340905723326,1.6146847936722242,4.528125575980512,0.06133246738337524
bar,later,VAL,up_disp_short,15,911,158,6.766679335534368,1.8575955899137058,0.032549748378275005,2.18683113386709,4.068868671694751,0.11453514147410211
bar,later,VAL,up_disp_short,30,910,158,4.20219041367972,0.9344877604340922,0.17574369662650235,-1.0275539521503936,-0.8405636032265545,0.5810783618391981
bar,later,VAL,up_disp_short,60,911,158,8.567200434661645,1.3907403896154917,0.08313610984194938,-3.2948523542431585,1.0299690912002069,0.4265897100735609
