stage,side,H,session_mean_raw,event_mean_raw,session_mean_raw_ex_singletons,t_ex_singletons,session_mean_excess,event_mean_excess,session_mean_excess_ex_singletons,singleton_session_share
HOLDOUT,down_disp_long,5,0.7223142064860012,-0.5287725440134043,1.1225725256599999,0.8875775596311866,0.22456991403936183,-0.1524183896796568,0.5656635872068398,0.10526315789473684
HOLDOUT,down_disp_long,10,1.742464669799435,-0.3261561664770867,2.23163471907374,1.2446856344088486,0.35589996556280007,-0.17734315059859085,0.8524697462707927,0.10526315789473684
HOLDOUT,down_disp_long,15,2.5659528837174572,0.4014592318278495,2.7370188382674843,1.1720766879391553,0.5569648646926296,0.3148200693814731,0.909706170771958,0.10526315789473684
HOLDOUT,down_disp_long,30,4.08835870123922,1.4749593282231142,3.1641856599589198,0.9135365638914955,0.8209305144752286,1.2315413784238491,0.182153055404209,0.10526315789473684
HOLDOUT,down_disp_long,60,7.644406334669769,0.25715806064747715,6.283029881445715,1.8313991796259945,1.5338939091365906,-0.37740817448827174,0.6671014618408923,0.10526315789473684
HOLDOUT,up_disp_short,5,-2.0191356400675677,-1.8374492622031815,-1.6535059506671796,-1.654367318098595,-2.4344581594185866,-1.647436785209983,-1.8387544181555746,0.0856353591160221
HOLDOUT,up_disp_short,10,-1.1507884778292607,-1.0815749131059342,-0.6410509845255682,-0.5122422971520398,-1.9479445943918647,-0.6845375238442329,-1.1030987894750006,0.0856353591160221
HOLDOUT,up_disp_short,15,-0.5367277242394733,-0.45812039648855796,0.4627949833272645,0.3336277253101573,-2.0377410615385707,-0.3439587343760619,-0.8119839277720333,0.0856353591160221
HOLDOUT,up_disp_short,30,1.8956843717595233,0.37649540020662364,2.2311687117691017,1.1545532022975211,-0.5427917334734882,0.8291105054750778,0.312064446366814,0.0856353591160221
HOLDOUT,up_disp_short,60,7.693863874444305,2.9557796183165657,7.0196324196251965,2.8666931092614165,2.8295248735915073,3.5190672009230317,3.094757883017396,0.0856353591160221
TRAIN,down_disp_long,5,4.151142955856521,1.2834608313268718,2.4700664866611386,1.1131204548305178,3.3525449439683737,3.946636975078547,1.849577144158035,0.19834710743801653
TRAIN,down_disp_long,10,7.521491877835038,-0.9438157722988496,4.235976746041473,1.7966723596155836,6.230088296351558,4.696061361347154,3.411717980836868,0.19834710743801653
TRAIN,down_disp_long,15,8.257767200287656,-1.7705464142237124,5.508507044848663,1.9009967952998927,6.148497202803878,5.096396223565145,3.7890499079873323,0.19834710743801653
TRAIN,down_disp_long,30,12.54179644876646,-1.746160707347313,9.440134417343412,2.839187411705601,8.63230712286649,5.800882508335958,5.661037239947987,0.19834710743801653
TRAIN,down_disp_long,60,19.831821234516607,-5.510272151589501,16.468996288490942,3.801361600507616,13.51588920015401,5.120118348580271,10.745383634266403,0.19834710743801653
TRAIN,up_disp_short,5,1.0060335283090474,-0.36355213115764595,0.4580423383226332,0.36090987431859606,0.41671828392580784,-0.7556410821171684,-0.048106988072070235,0.12452830188679245
TRAIN,up_disp_short,10,0.42792026778990944,-3.307469886353261,-0.8465835964512552,-0.4761752930487743,-1.07675604658552,-3.4741670790530064,-1.9739029180972651,0.12452830188679245
TRAIN,up_disp_short,15,-0.7499007838139227,-4.845825028900494,-3.005125753302751,-1.3528388441612738,-2.5042059615797947,-5.0472006843499075,-4.1482312217110895,0.12452830188679245
TRAIN,up_disp_short,30,-1.2821457355229027,-6.9840389649976045,-5.16636659232527,-1.710797420103312,-3.725640360492675,-6.823282603193917,-6.968645012665321,0.12452830188679245
TRAIN,up_disp_short,60,-2.170512435412697,-8.142781609477273,-6.469211543567608,-1.75400477074542,-5.659689165113879,-7.120470543155083,-8.795755352152218,0.12452830188679245
VAL,down_disp_long,5,8.858802348835244,10.107559426463544,4.255540269796756,1.8934727732561596,6.430545685536364,4.656535008499287,1.5949520359400324,0.2
VAL,down_disp_long,10,11.110193817096475,11.427510222042416,6.179492843402221,1.734995625662066,7.7435618786710405,5.448428809394437,2.651312354225927,0.2
VAL,down_disp_long,15,11.456761464581312,13.037928982659112,5.565923017745119,1.4068607469004704,6.697542697344961,5.450609166234596,0.6922464492844637,0.2
VAL,down_disp_long,30,18.662696509296936,17.380980582725304,13.33784764572679,2.592632093210233,10.69712689502943,7.352357442054914,5.575096075295494,0.2
VAL,down_disp_long,60,18.037045033513678,15.909078752674475,12.624811313531563,2.117267289026493,8.69102468609484,5.93142486389453,4.33445050760096,0.2
VAL,up_disp_short,5,4.625968729635938,1.5493879940839295,2.091135846934223,1.1444043657791567,3.9610053789032436,1.7603831769133247,1.8718853872596246,0.16770186335403728
VAL,up_disp_short,10,5.65519234441086,0.3135585306004894,0.6906136840151688,0.2709714676103611,4.174916823742285,0.48461197192845756,0.2212322913185263,0.16770186335403728
VAL,up_disp_short,15,5.567681167730191,0.5834344334625606,0.7761838723153335,0.28067960161842026,3.3047424915850274,0.7729320851139193,-0.013592563096942244,0.16770186335403728
VAL,up_disp_short,30,3.60032594736801,-3.3085111521703756,-3.61202236102531,-0.9620736118280745,-0.08921805085029724,-2.3540520500580535,-5.176567730068952,0.16770186335403728
VAL,up_disp_short,60,8.381706297787991,-4.9954072061734545,-3.399450305255831,-0.649868360163107,1.9009902085476662,-3.5642686984815906,-7.710164236837395,0.16770186335403728
