stage,N,H,side,arm,kappa_bp,n,gross_raw_evt_bp,fee_bp,net_evt_bp,net_coh_bp,breakeven_kappa_bp
TRAIN,20,5,up,A,0.0,4502,22.0047976703288,22.114363332518877,-0.10956566219009195,-27.440215031397585,-0.05478283109503934
TRAIN,20,5,up,A,2.5,4502,22.0047976703288,22.114363332518877,-5.10956566219009,-32.440215031397585,-0.05478283109503934
TRAIN,20,5,up,A,5.0,4502,22.0047976703288,22.114363332518877,-10.10956566219009,-37.440215031397585,-0.05478283109503934
TRAIN,20,5,up,A,10.0,4502,22.0047976703288,22.114363332518877,-20.109565662190093,-47.44021503139759,-0.05478283109503934
TRAIN,20,5,up,B,0.0,1790,33.359572864890396,22.11450683966481,11.245066025225588,-30.84854705262612,5.622533012612793
TRAIN,20,5,up,B,2.5,1790,33.359572864890396,22.11450683966481,6.2450660252255865,-35.84854705262612,5.622533012612793
TRAIN,20,5,up,B,5.0,1790,33.359572864890396,22.11450683966481,1.2450660252255872,-40.84854705262612,5.622533012612793
TRAIN,20,5,up,B,10.0,1790,33.359572864890396,22.11450683966481,-8.754933974774415,-50.84854705262612,5.622533012612793
TRAIN,20,5,up,C,0.0,2712,14.51031109279735,22.11426861356932,-7.6039575207719725,-11.597473893255886,-3.8019787603859845
TRAIN,20,5,up,C,2.5,2712,14.51031109279735,22.11426861356932,-12.603957520771974,-16.597473893255884,-3.8019787603859845
TRAIN,20,5,up,C,5.0,2712,14.51031109279735,22.11426861356932,-17.603957520771974,-21.597473893255888,-3.8019787603859845
TRAIN,20,5,up,C,10.0,2712,14.51031109279735,22.11426861356932,-27.603957520771974,-31.597473893255884,-3.8019787603859845
TRAIN,20,5,dn,A,0.0,4714,-15.93875206992402,22.114205928086548,-38.05295799801057,-39.84535576488153,-19.026478999005285
TRAIN,20,5,dn,A,2.5,4714,-15.93875206992402,22.114205928086548,-43.05295799801057,-44.84535576488153,-19.026478999005285
TRAIN,20,5,dn,A,5.0,4714,-15.93875206992402,22.114205928086548,-48.05295799801057,-49.84535576488154,-19.026478999005285
TRAIN,20,5,dn,A,10.0,4714,-15.93875206992402,22.114205928086548,-58.05295799801057,-59.84535576488154,-19.026478999005285
TRAIN,20,5,dn,B,0.0,718,35.26869194080216,22.115453703342617,13.153238237459535,13.341014786631439,6.57661911872977
TRAIN,20,5,dn,B,2.5,718,35.26869194080216,22.115453703342617,8.153238237459535,8.34101478663144,6.57661911872977
TRAIN,20,5,dn,B,5.0,718,35.26869194080216,22.115453703342617,3.153238237459535,3.3410147866314435,6.57661911872977
TRAIN,20,5,dn,B,10.0,718,35.26869194080216,22.115453703342617,-6.846761762540466,-6.658985213368557,6.57661911872977
TRAIN,20,5,dn,C,0.0,3996,-25.13968920698643,22.11398172822823,-47.25367093521466,-39.30378605121063,-23.62683546760733
TRAIN,20,5,dn,C,2.5,3996,-25.13968920698643,22.11398172822823,-52.25367093521466,-44.30378605121063,-23.62683546760733
TRAIN,20,5,dn,C,5.0,3996,-25.13968920698643,22.11398172822823,-57.25367093521466,-49.30378605121063,-23.62683546760733
TRAIN,20,5,dn,C,10.0,3996,-25.13968920698643,22.11398172822823,-67.25367093521466,-59.30378605121062,-23.62683546760733
TRAIN,20,20,up,A,0.0,4434,113.63299003645633,22.11413007961209,91.51885995684425,54.49404587184011,45.75942997842212
TRAIN,20,20,up,A,2.5,4434,113.63299003645633,22.11413007961209,86.51885995684425,49.49404587184011,45.75942997842212
TRAIN,20,20,up,A,5.0,4434,113.63299003645633,22.11413007961209,81.51885995684425,44.4940458718401,45.75942997842212
TRAIN,20,20,up,A,10.0,4434,113.63299003645633,22.11413007961209,71.51885995684425,34.49404587184011,45.75942997842212
TRAIN,20,20,up,B,0.0,1764,116.35116892898476,22.114237226757368,94.23693170222738,22.984168435509392,47.1184658511137
TRAIN,20,20,up,B,2.5,1764,116.35116892898476,22.114237226757368,89.23693170222738,17.9841684355094,47.1184658511137
TRAIN,20,20,up,B,5.0,1764,116.35116892898476,22.114237226757368,84.23693170222738,12.984168435509416,47.1184658511137
TRAIN,20,20,up,B,10.0,1764,116.35116892898476,22.114237226757368,74.23693170222738,2.984168435509407,47.1184658511137
TRAIN,20,20,up,C,0.0,2670,111.83715948723531,22.11405929026217,89.72310019697315,64.28367729718826,44.861550098486575
TRAIN,20,20,up,C,2.5,2670,111.83715948723531,22.11405929026217,84.72310019697315,59.28367729718827,44.861550098486575
TRAIN,20,20,up,C,5.0,2670,111.83715948723531,22.11405929026217,79.72310019697315,54.28367729718827,44.861550098486575
TRAIN,20,20,up,C,10.0,2670,111.83715948723531,22.11405929026217,69.72310019697315,44.28367729718827,44.861550098486575
TRAIN,20,20,dn,A,0.0,4666,-90.38020352270102,22.11402449528504,-112.49422801798609,-104.24672595455505,-56.24711400899303
TRAIN,20,20,dn,A,2.5,4666,-90.38020352270102,22.11402449528504,-117.49422801798609,-109.24672595455505,-56.24711400899303
TRAIN,20,20,dn,A,5.0,4666,-90.38020352270102,22.11402449528504,-122.49422801798609,-114.24672595455503,-56.24711400899303
TRAIN,20,20,dn,A,10.0,4666,-90.38020352270102,22.11402449528504,-132.49422801798607,-124.24672595455505,-56.24711400899303
TRAIN,20,20,dn,B,0.0,718,-36.632894425453436,22.115670625348187,-58.7485650508016,-44.7060845672,-29.37428252540081
TRAIN,20,20,dn,B,2.5,718,-36.632894425453436,22.115670625348187,-63.7485650508016,-49.7060845672,-29.37428252540081
TRAIN,20,20,dn,B,5.0,718,-36.632894425453436,22.115670625348187,-68.74856505080162,-54.7060845672,-29.37428252540081
TRAIN,20,20,dn,B,10.0,718,-36.632894425453436,22.115670625348187,-78.74856505080162,-64.7060845672,-29.37428252540081
TRAIN,20,20,dn,C,0.0,3948,-100.15491677797554,22.113725123100306,-122.26864190107585,-113.92731329285479,-61.134320950537926
TRAIN,20,20,dn,C,2.5,3948,-100.15491677797554,22.113725123100306,-127.26864190107584,-118.92731329285476,-61.134320950537926
TRAIN,20,20,dn,C,5.0,3948,-100.15491677797554,22.113725123100306,-132.26864190107585,-123.92731329285476,-61.134320950537926
TRAIN,20,20,dn,C,10.0,3948,-100.15491677797554,22.113725123100306,-142.26864190107582,-133.92731329285476,-61.134320950537926
TRAIN,63,5,up,A,0.0,2710,7.543471431689015,22.114217163837633,-14.570745732148625,-23.480730341721426,-7.28537286607431
TRAIN,63,5,up,A,2.5,2710,7.543471431689015,22.114217163837633,-19.57074573214863,-28.480730341721426,-7.28537286607431
TRAIN,63,5,up,A,5.0,2710,7.543471431689015,22.114217163837633,-24.57074573214863,-33.480730341721426,-7.28537286607431
TRAIN,63,5,up,A,10.0,2710,7.543471431689015,22.114217163837633,-34.57074573214863,-43.480730341721426,-7.28537286607431
TRAIN,63,5,up,B,0.0,1464,-4.543158340820549,22.11490481079235,-26.658063151612893,-39.25882829423778,-13.32903157580645
TRAIN,63,5,up,B,2.5,1464,-4.543158340820549,22.11490481079235,-31.658063151612886,-44.25882829423777,-13.32903157580645
TRAIN,63,5,up,B,5.0,1464,-4.543158340820549,22.11490481079235,-36.65806315161289,-49.25882829423777,-13.32903157580645
TRAIN,63,5,up,B,10.0,1464,-4.543158340820549,22.11490481079235,-46.658063151612886,-59.25882829423777,-13.32903157580645
TRAIN,63,5,up,C,0.0,1246,21.74477639714166,22.11340920626003,-0.36863280911837976,-1.07209771124347,-0.1843164045591852
TRAIN,63,5,up,C,2.5,1246,21.74477639714166,22.11340920626003,-5.368632809118379,-6.07209771124347,-0.1843164045591852
TRAIN,63,5,up,C,5.0,1246,21.74477639714166,22.11340920626003,-10.368632809118377,-11.07209771124347,-0.1843164045591852
TRAIN,63,5,up,C,10.0,1246,21.74477639714166,22.11340920626003,-20.368632809118374,-21.07209771124347,-0.1843164045591852
TRAIN,63,5,dn,A,0.0,2286,50.26357334062892,22.113952545056865,28.14962079557206,48.732506768938876,14.07481039778603
TRAIN,63,5,dn,A,2.5,2286,50.26357334062892,22.113952545056865,23.14962079557206,43.73250676893886,14.07481039778603
TRAIN,63,5,dn,A,5.0,2286,50.26357334062892,22.113952545056865,18.149620795572055,38.73250676893886,14.07481039778603
TRAIN,63,5,dn,A,10.0,2286,50.26357334062892,22.113952545056865,8.149620795572057,28.73250676893887,14.07481039778603
TRAIN,63,5,dn,B,0.0,554,54.204267445016,22.11354396931408,32.09072347570192,65.29119397240324,16.04536173785096
TRAIN,63,5,dn,B,2.5,554,54.204267445016,22.11354396931408,27.090723475701918,60.291193972403235,16.04536173785096
TRAIN,63,5,dn,B,5.0,554,54.204267445016,22.11354396931408,22.090723475701918,55.291193972403235,16.04536173785096
TRAIN,63,5,dn,B,10.0,554,54.204267445016,22.11354396931408,12.090723475701918,45.29119397240324,16.04536173785096
TRAIN,63,5,dn,C,0.0,1732,49.00309728183536,22.114083232678983,26.889014049156387,36.49776487046811,13.444507024578188
TRAIN,63,5,dn,C,2.5,1732,49.00309728183536,22.114083232678983,21.889014049156383,31.49776487046811,13.444507024578188
TRAIN,63,5,dn,C,5.0,1732,49.00309728183536,22.114083232678983,16.889014049156383,26.49776487046811,13.444507024578188
TRAIN,63,5,dn,C,10.0,1732,49.00309728183536,22.114083232678983,6.889014049156382,16.49776487046811,13.444507024578188
TRAIN,63,20,up,A,0.0,2684,88.95170376758992,22.11409504992548,66.83760871766445,70.10095090268955,33.41880435883222
TRAIN,63,20,up,A,2.5,2684,88.95170376758992,22.11409504992548,61.837608717664445,65.10095090268955,33.41880435883222
TRAIN,63,20,up,A,5.0,2684,88.95170376758992,22.11409504992548,56.837608717664445,60.10095090268955,33.41880435883222
TRAIN,63,20,up,A,10.0,2684,88.95170376758992,22.11409504992548,46.83760871766446,50.10095090268954,33.41880435883222
TRAIN,63,20,up,B,0.0,1448,71.29420957099177,22.114773907458563,49.179435663533205,29.42085070780442,24.589717831766603
TRAIN,63,20,up,B,2.5,1448,71.29420957099177,22.114773907458563,44.179435663533205,24.42085070780442,24.589717831766603
TRAIN,63,20,up,B,5.0,1448,71.29420957099177,22.114773907458563,39.179435663533205,19.42085070780442,24.589717831766603
TRAIN,63,20,up,B,10.0,1448,71.29420957099177,22.114773907458563,29.1794356635332,9.420850707804417,24.589717831766603
TRAIN,63,20,up,C,0.0,1236,109.63782965486674,22.113299754045308,87.52452990082143,94.36990256206691,43.76226495041071
TRAIN,63,20,up,C,2.5,1236,109.63782965486674,22.113299754045308,82.52452990082143,89.36990256206691,43.76226495041071
TRAIN,63,20,up,C,5.0,1236,109.63782965486674,22.113299754045308,77.52452990082143,84.36990256206691,43.76226495041071
TRAIN,63,20,up,C,10.0,1236,109.63782965486674,22.113299754045308,67.52452990082143,74.36990256206691,43.76226495041071
TRAIN,63,20,dn,A,0.0,2264,-23.76736306081552,22.11375501015901,-45.88111807097454,-43.63549870482632,-22.940559035487265
TRAIN,63,20,dn,A,2.5,2264,-23.76736306081552,22.11375501015901,-50.88111807097454,-48.63549870482631,-22.940559035487265
TRAIN,63,20,dn,A,5.0,2264,-23.76736306081552,22.11375501015901,-55.88111807097454,-53.63549870482631,-22.940559035487265
TRAIN,63,20,dn,A,10.0,2264,-23.76736306081552,22.11375501015901,-65.88111807097454,-63.635498704826325,-22.940559035487265
TRAIN,63,20,dn,B,0.0,553,67.46978562669247,22.11365205063291,45.35613357605955,48.642258099454615,22.67806678802978
TRAIN,63,20,dn,B,2.5,553,67.46978562669247,22.11365205063291,40.35613357605955,43.64225809945461,22.67806678802978
TRAIN,63,20,dn,B,5.0,553,67.46978562669247,22.11365205063291,35.35613357605954,38.64225809945461,22.67806678802978
TRAIN,63,20,dn,B,10.0,553,67.46978562669247,22.11365205063291,25.356133576059534,28.642258099454605,22.67806678802978
TRAIN,63,20,dn,C,0.0,1711,-53.25546547121407,22.11378828696668,-75.36925375818076,-94.80283610724643,-37.684626879090374
TRAIN,63,20,dn,C,2.5,1711,-53.25546547121407,22.11378828696668,-80.36925375818076,-99.80283610724643,-37.684626879090374
TRAIN,63,20,dn,C,5.0,1711,-53.25546547121407,22.11378828696668,-85.36925375818076,-104.80283610724642,-37.684626879090374
TRAIN,63,20,dn,C,10.0,1711,-53.25546547121407,22.11378828696668,-95.36925375818076,-114.80283610724643,-37.684626879090374
