stage,N,H,side,tercile,depth_lo_bp,depth_hi_bp,share_B,n_B,n_C,pair_dates,d_mean,d_t,d_p_one
TRAIN,20,5,up,1,0.0,68.45078204279339,0.22128487994808566,341,1200,173,-26.4618356398055,-0.7386895026604912,0.7694488242662308
TRAIN,20,5,up,2,68.45078204279339,187.66483029786005,0.31501340482573725,470,1022,199,38.501445464239225,0.8259916411224596,0.20490149897026777
TRAIN,20,5,up,3,187.66483029786005,inf,0.6664397549353301,979,490,177,10.918678943841623,0.2327875230685753,0.4080984473395936
VAL,20,5,up,1,0.0,68.45078204279339,0.20641447368421054,251,965,111,-19.950340854892794,-0.30810386803801443,0.6207070176971825
VAL,20,5,up,2,68.45078204279339,187.66483029786005,0.3011857707509881,381,884,134,-9.367622310514157,-0.21115990207405397,0.5834571483765078
VAL,20,5,up,3,187.66483029786005,inf,0.6156832298136646,793,495,162,-88.90373034692367,-1.6744920824658536,0.9520123200155208
TRAIN,20,20,up,1,0.0,69.15581220252376,0.22039473684210525,335,1185,172,-49.9509047500099,-0.5267594809409633,0.7004783684872734
TRAIN,20,20,up,2,69.15581220252376,188.18796632375918,0.31543167912984366,464,1007,196,-36.315131129246105,-0.36790328493821634,0.6433278092496613
TRAIN,20,20,up,3,188.18796632375918,inf,0.6687456687456688,965,478,173,-27.215598998607863,-0.26658420480019224,0.6049456773691408
VAL,20,20,up,1,0.0,69.15581220252376,0.20431893687707642,246,958,110,-82.70859038777495,-0.7136577631235537,0.7615179334360568
VAL,20,20,up,2,69.15581220252376,188.18796632375918,0.3024740622505986,379,874,134,-122.73431196158768,-1.125757112085088,0.8688521727633974
VAL,20,20,up,3,188.18796632375918,inf,0.6143637782982045,787,494,161,-174.57256725226483,-1.9552099114603194,0.9738496999501375
TRAIN,20,5,dn,1,0.0,58.77825219063659,0.08500973393900065,131,1410,70,16.778544699881483,0.24704449839233178,0.4028036802382557
TRAIN,20,5,dn,2,58.77825219063659,160.7534641372776,0.13571869216533003,220,1401,103,77.61881869494512,1.5902135884615798,0.05744072989412962
TRAIN,20,5,dn,3,160.7534641372776,inf,0.23646907216494845,367,1185,146,92.03372376849039,1.5242767399041985,0.06480884639526373
VAL,20,5,dn,1,0.0,58.77825219063659,0.07973664959765911,109,1258,65,104.86684713335589,0.7591096075733216,0.2252869356501295
VAL,20,5,dn,2,58.77825219063659,160.7534641372776,0.11810411810411811,152,1135,83,1.275958800372053,0.02245901683497493,0.49106818299584454
VAL,20,5,dn,3,160.7534641372776,inf,0.2691740412979351,365,991,150,-21.206338702724338,-0.39135958229728346,0.6519547207343244
TRAIN,20,20,dn,1,0.0,58.78579003171384,0.0861842105263158,131,1389,70,16.73445122257188,0.15634292726216598,0.4381096282493598
TRAIN,20,20,dn,2,58.78579003171384,160.58927162972964,0.1372426699937617,220,1383,103,11.297835746801951,0.1168210153316549,0.4536158000633664
TRAIN,20,20,dn,3,160.58927162972964,inf,0.23784834737524305,367,1176,146,83.70295053670053,0.8023926216657123,0.21181951804321575
VAL,20,20,dn,1,0.0,58.78579003171384,0.08033033033033032,107,1225,65,-194.78484621532462,-1.155630479517908,0.8739357797064902
VAL,20,20,dn,2,58.78579003171384,160.58927162972964,0.11858974358974358,148,1100,80,35.5768640648397,0.26890900938019385,0.3943503701668908
VAL,20,20,dn,3,160.58927162972964,inf,0.2750190985485103,360,949,146,-7.730183539481527,-0.06954156116476459,0.5276728178632826
TRAIN,63,5,up,1,0.0,70.15344142017247,0.3146314631463146,286,623,99,36.05209012025971,0.5164651715244429,0.3033465178430513
TRAIN,63,5,up,2,70.15344142017247,197.342754981417,0.5264341957255343,468,421,111,-60.45250637114349,-0.9670829908960039,0.8321879979721081
TRAIN,63,5,up,3,197.342754981417,inf,0.7785087719298246,710,202,92,1.4995051475654506,0.022204758245640603,0.4911666193996753
VAL,63,5,up,1,0.0,70.15344142017247,0.34153005464480873,250,482,95,-56.30866562574941,-0.9575018920889088,0.8296149035952429
VAL,63,5,up,2,70.15344142017247,197.342754981417,0.4780292942743009,359,392,101,-15.891699249217593,-0.22810331912222126,0.5899841553475359
VAL,63,5,up,3,197.342754981417,inf,0.8326474622770919,607,122,56,94.41819179275801,1.2496244705702064,0.10836419734412682
TRAIN,63,20,up,1,0.0,70.87763185324336,0.31263858093126384,282,620,98,10.560625762261541,0.0877064186820813,0.4651454149504032
TRAIN,63,20,up,2,70.87763185324336,197.8021978021971,0.5290102389078498,465,414,108,-198.1038897365033,-1.5803382009920937,0.9415094394508341
TRAIN,63,20,up,3,197.8021978021971,inf,0.7763012181616833,701,202,92,36.59152777065649,0.28300375416096846,0.38890836603303736
VAL,63,20,up,1,0.0,70.87763185324336,0.33748271092669435,244,479,94,-155.63182501363755,-0.9946248338552864,0.8387501831446422
VAL,63,20,up,2,70.87763185324336,197.8021978021971,0.4772117962466488,356,390,101,-21.12217107359471,-0.18578204878098115,0.5735039965476518
VAL,63,20,up,3,197.8021978021971,inf,0.8312586445366529,601,122,56,-31.770966471724527,-0.1851557252319329,0.5731059993927952
TRAIN,63,5,dn,1,0.0,66.6383099390322,0.14267676767676768,113,679,51,40.44838179284621,0.5733896479637821,0.28447551155857376
TRAIN,63,5,dn,2,66.6383099390322,185.6594110115217,0.21052631578947367,156,585,66,-50.384840511913545,-0.8552443296981425,0.8022212862983499
TRAIN,63,5,dn,3,185.6594110115217,inf,0.3784860557768924,285,468,85,66.52892269624226,0.9408113708551662,0.17474963154521955
VAL,63,5,dn,1,0.0,66.6383099390322,0.15625,105,567,51,62.70941020341067,0.6973753448037162,0.2443990473410856
VAL,63,5,dn,2,66.6383099390322,185.6594110115217,0.23374827109266944,169,554,73,-25.59503524479832,-0.5199668958329593,0.6976591385745661
VAL,63,5,dn,3,185.6594110115217,inf,0.4438202247191011,316,396,83,41.681446902236665,0.648475454335667,0.25924469065192574
TRAIN,63,20,dn,1,0.0,66.94249453767841,0.14285714285714285,112,672,51,158.50111402415675,1.0016491353650003,0.1606680632064946
TRAIN,63,20,dn,2,66.94249453767841,187.10218134867506,0.21282401091405184,156,577,66,-61.08354503416828,-0.4136500707096306,0.659753978006671
TRAIN,63,20,dn,3,187.10218134867506,inf,0.3815261044176707,285,462,85,-0.38881948272463324,-0.003040166255986602,0.5012092447500585
VAL,63,20,dn,1,0.0,66.94249453767841,0.1618320610687023,106,549,50,-90.73929212862399,-0.44826989547309987,0.6720328140607543
VAL,63,20,dn,2,66.94249453767841,187.10218134867506,0.23087818696883852,163,543,72,27.057448327302723,0.25339218521402856,0.4003487280670034
VAL,63,20,dn,3,187.10218134867506,inf,0.44733044733044736,310,383,80,-66.50066139283848,-0.5014278933561654,0.6912677577735011
