stage,N,H,side,year,n_pair_dates,d_mean
TRAIN,20,5,up,2012,83,-26.406238805007494
TRAIN,20,5,up,2013,98,-117.39019290606755
TRAIN,20,5,up,2014,89,-7.6640370815628565
TRAIN,20,5,up,2015,112,60.08082573941632
TRAIN,20,5,up,2016,103,-1.0837011605771287
TRAIN,20,5,up,2017,116,15.016156216874833
TRAIN,20,5,dn,2012,55,-167.04073250744747
TRAIN,20,5,dn,2013,62,54.865157555963066
TRAIN,20,5,dn,2014,49,-9.582690143425044
TRAIN,20,5,dn,2015,68,116.69920727544775
TRAIN,20,5,dn,2016,64,67.97349764001476
TRAIN,20,5,dn,2017,61,97.72863012803182
TRAIN,20,20,up,2012,83,-88.48758393466075
TRAIN,20,20,up,2013,98,-294.0670963602808
TRAIN,20,20,up,2014,89,-179.43633896893053
TRAIN,20,20,up,2015,112,177.99654497888545
TRAIN,20,20,up,2016,103,-209.221353277903
TRAIN,20,20,up,2017,108,17.74403578407094
TRAIN,20,20,dn,2012,55,-446.6244474687862
TRAIN,20,20,dn,2013,62,79.20377646822992
TRAIN,20,20,dn,2014,49,-118.37708137746782
TRAIN,20,20,dn,2015,68,137.230207383517
TRAIN,20,20,dn,2016,64,136.2732554482689
TRAIN,20,20,dn,2017,61,137.46179190789798
TRAIN,63,5,up,2012,65,41.89719600351188
TRAIN,63,5,up,2013,58,28.73989264908874
TRAIN,63,5,up,2014,91,-109.41869521827935
TRAIN,63,5,up,2015,73,-74.84815434788304
TRAIN,63,5,up,2016,66,-77.83441391449406
TRAIN,63,5,up,2017,85,-13.15756185725254
TRAIN,63,5,dn,2012,34,5.482891706699584
TRAIN,63,5,dn,2013,50,24.973234713668017
TRAIN,63,5,dn,2014,29,-56.37727261032427
TRAIN,63,5,dn,2015,40,107.46903528911994
TRAIN,63,5,dn,2016,35,153.38420889779886
TRAIN,63,5,dn,2017,27,100.00815081988546
TRAIN,63,20,up,2012,65,-86.06466650409554
TRAIN,63,20,up,2013,58,54.33324738516737
TRAIN,63,20,up,2014,91,-145.17981586381563
TRAIN,63,20,up,2015,73,-71.04768095432271
TRAIN,63,20,up,2016,66,-254.7338716636797
TRAIN,63,20,up,2017,79,36.66713461206647
TRAIN,63,20,dn,2012,34,-38.34108485253989
TRAIN,63,20,dn,2013,50,190.23389029724763
TRAIN,63,20,dn,2014,29,-15.106174059153542
TRAIN,63,20,dn,2015,40,108.05329760755899
TRAIN,63,20,dn,2016,35,300.41670668559465
TRAIN,63,20,dn,2017,27,166.05591301857737
VAL,20,5,up,2018,101,-57.01757496579102
VAL,20,5,up,2019,95,-136.76319446028302
VAL,20,5,up,2020,109,-43.14413617396465
VAL,20,5,up,2021,106,-77.20984072043072
VAL,20,5,up,2022,94,54.81790989631747
VAL,20,5,dn,2018,69,26.022258428129515
VAL,20,5,dn,2019,76,-42.34843335904932
VAL,20,5,dn,2020,59,176.6997110641638
VAL,20,5,dn,2021,59,54.58584496590212
VAL,20,5,dn,2022,66,9.64825676371388
VAL,20,20,up,2018,101,-106.75317892184985
VAL,20,20,up,2019,95,-120.31706929826098
VAL,20,20,up,2020,109,-98.49932872606988
VAL,20,20,up,2021,106,-282.3232967007525
VAL,20,20,up,2022,89,120.51684123388114
VAL,20,20,dn,2018,69,-4.670825071553044
VAL,20,20,dn,2019,76,-126.96799299240291
VAL,20,20,dn,2020,59,360.21522872206305
VAL,20,20,dn,2021,59,131.90490300560253
VAL,20,20,dn,2022,57,-5.898723522534239
VAL,63,5,up,2018,58,-50.09277151391229
VAL,63,5,up,2019,72,-4.06147250432673
VAL,63,5,up,2020,84,-37.73500642740547
VAL,63,5,up,2021,73,36.43515068923484
VAL,63,5,up,2022,80,18.285815650206395
VAL,63,5,dn,2018,62,67.72266773918298
VAL,63,5,dn,2019,66,-143.3589089564216
VAL,63,5,dn,2020,29,-3.1401996367984126
VAL,63,5,dn,2021,31,17.889080596145064
VAL,63,5,dn,2022,48,66.51114456353724
VAL,63,20,up,2018,58,-176.56738422882665
VAL,63,20,up,2019,72,-97.67276913957699
VAL,63,20,up,2020,84,51.94273346858483
VAL,63,20,up,2021,73,-4.241587006287396
VAL,63,20,up,2022,78,58.3454684484061
VAL,63,20,dn,2018,62,35.252678754808855
VAL,63,20,dn,2019,66,-309.57386233201413
VAL,63,20,dn,2020,29,-458.54837819935534
VAL,63,20,dn,2021,31,32.57704464023749
VAL,63,20,dn,2022,46,66.78734312371104
