stage,N,side,quantity,n_B,n_C,mean_B,mean_C,diff_B_minus_C
TRAIN,20,up,sg,1800,2733,51.17751067293916,24.590207585931598,26.58730308700756
TRAIN,20,up,rest5,1800,2733,-16.47527277451427,-9.896408102185278,-6.578864672328992
TRAIN,20,up,rest20,1800,2733,70.25465697531436,94.36507608342576,-24.1104191081114
TRAIN,20,up,raw5,1800,2733,34.702237898424876,14.69379948374631,20.008438414678565
TRAIN,20,up,raw20,1800,2733,121.43216764825351,118.95528366935736,2.4768839788961543
TRAIN,20,dn,sg,718,3999,-17.679364627108463,-10.517386617193816,-7.161978009914646
TRAIN,20,dn,rest5,718,3999,52.94805656791062,-14.68522349224772,67.63328006015834
TRAIN,20,dn,rest20,718,3999,-18.953529798344952,-97.54005774314098,78.58652794479602
TRAIN,20,dn,raw5,718,3999,35.26869194080216,-25.202610109441544,60.4713020502437
TRAIN,20,dn,raw20,718,3999,-36.632894425453436,-108.05744436033477,71.42454993488133
TRAIN,63,up,sg,1478,1256,48.17672500094555,24.756008576875285,23.420716424070267
TRAIN,63,up,rest5,1478,1256,-46.77220431698837,-2.7836087491363855,-43.98859556785199
TRAIN,63,up,rest20,1478,1256,29.192189450462724,89.53681854384298,-60.34462909338026
TRAIN,63,up,raw5,1478,1256,1.4045206839571813,21.9723998277389,-20.56787914378172
TRAIN,63,up,raw20,1478,1256,77.36891445140826,114.29282712071827,-36.92391266931001
TRAIN,63,dn,sg,554,1732,-16.787593426908177,-14.089582644110493,-2.6980107827976845
TRAIN,63,dn,rest5,554,1732,70.99186087192417,63.09267992594586,7.8991809459783155
TRAIN,63,dn,rest20,554,1732,80.715860938751,-45.65859246408265,126.37445340283367
TRAIN,63,dn,raw5,554,1732,54.204267445016,49.00309728183536,5.201170163180642
TRAIN,63,dn,raw20,554,1732,63.92826751184285,-59.748175108193145,123.676442620036
VAL,20,up,sg,1425,2344,50.188252345135275,29.04539651715451,21.142855827980764
VAL,20,up,rest5,1425,2344,-67.8965178352606,13.242982903461863,-81.13950073872246
VAL,20,up,rest20,1425,2344,-43.73516284890998,127.47624155093177,-171.21140439984174
VAL,20,up,raw5,1425,2344,-17.708265490125324,42.28837942061638,-59.99664491074171
VAL,20,up,raw20,1425,2344,6.719010431974013,156.53830877581018,-149.81929834383618
VAL,20,dn,sg,626,3384,-16.694657729691794,-9.236286726152601,-7.4583710035391935
VAL,20,dn,rest5,626,3384,124.24965252289262,27.7733710371871,96.47628148570551
VAL,20,dn,rest20,626,3384,212.501083583094,41.5022119361801,170.99887164691387
VAL,20,dn,raw5,626,3384,107.55499479320082,18.537084311034498,89.01791048216631
VAL,20,dn,raw20,626,3384,195.99064179112457,31.815386753782978,164.1752550373416
VAL,63,up,sg,1216,996,47.719045825363,32.045272191577446,15.67377363378555
VAL,63,up,rest5,1216,996,-50.07711019784732,-46.33666677872568,-3.7404434191216396
VAL,63,up,rest20,1216,996,-45.88187164191297,-11.096139356452335,-34.78573228546064
VAL,63,up,raw5,1216,996,-2.3580643724843298,-14.291394587148242,11.933330214663911
VAL,63,up,raw20,1216,996,1.9080931983979887,21.102309747673658,-19.19421654927567
VAL,63,dn,sg,590,1517,-8.279186083037956,2.6299262293892403,-10.909112312427197
VAL,63,dn,rest5,590,1517,64.30655480082632,41.89968412489831,22.406870675928012
VAL,63,dn,rest20,590,1517,85.39892448128818,80.32159462604564,5.077329855242539
VAL,63,dn,raw5,590,1517,56.02736871778836,44.52961035428755,11.497758363500814
VAL,63,dn,raw20,590,1517,78.02686562213322,82.66810697061548,-4.641241348482268
