entity,date,N,kind,arm,close_t,ref_level,ledger_ref,margin_raw,margin_ledger,vol_t,median_prior20,av_raw,av_ledger,entry_open,exit_close_h5,exit_close_h20,R5_raw,R5_ledger,R20_raw,R20_ledger
IGL,2015-05-28,20,ddn,D,400.15,,,,,710338,255727.0,2.777719990458575,2.777719990458575,401.2,392.4,398.8,-0.02193419740777669,-0.02193419740777669,-0.005982053838484491,-0.00598205383848438
UBL,2015-10-29,20,ddn,D,954.75,,,,,285805,135300.5,2.1123720902731327,2.1123720902731327,959.5,954.1,978.1,-0.005627931214174042,-0.005627931214174042,0.019385096404377355,0.019385096404377355
DABUR,2012-07-23,20,ddn,D,117.85,,,,,2057018,705952.0,2.913821336294819,2.913821336294819,118.75,120.6,119.35,0.015578947368420915,0.015578947368420915,0.00505263157894742,0.00505263157894742
DISHMAN,2014-08-13,20,dn,B,128.15,130.35,65.175,-0.016877637130801593,-0.016877637130801593,1892344,732395.0,2.5837751486561213,2.5837751486561213,129.9,146.15,170.7,0.12509622786759045,0.12509622786759045,0.3140877598152423,0.3140877598152423
INDUSTOWER,2013-07-29,20,dn,B,145.05,149.1,149.1,-0.02716297786720312,-0.02716297786720312,894431,98449.0,9.085221789962315,9.085221789962315,147.85,149.9,134.25,0.013865404125803282,0.013865404125803282,-0.09198512005410886,-0.09198512005410886
WOCKPHARMA,2017-08-02,20,dn,B,585.9,596.05,596.05,-0.017028772753963528,-0.017028772753963528,3530020,616477.0,5.726117924918529,5.726117924918529,581.0,584.8,609.35,0.0065404475043029375,0.0065404475043029375,0.048795180722891685,0.048795180722891685
HCLTECH,2016-06-28,20,dn,C,713.2,721.35,360.675,-0.01129826020655711,-0.01129826020655711,2842681,2052824.0,1.3847660588535597,1.3847660588535597,715.7,738.4,753.5,0.0317171999441106,0.0317171999441106,0.05281542545759388,0.05281542545759388
BALRAMCHIN,2017-11-15,20,dn,C,156.1,158.4,158.4,-0.0145202020202021,-0.0145202020202021,866350,1546457.0,0.5602160292850044,0.5602160292850044,156.8,159.55,145.8,0.017538265306122458,0.017538265306122458,-0.07015306122448983,-0.07015306122448983
MARUTI,2012-04-11,20,dn,C,1272.45,1273.7,1273.7,-0.0009813927926513033,-0.0009813927926513033,401175,579898.5,0.6918020998502324,0.6918020998502324,1279.7,1352.5,1261.85,0.0568883332030945,0.0568883332030945,-0.013948581698835727,-0.013948581698835727
LITL,2012-09-17,20,dup,D,12.45,,,,,53720586,11104614.0,4.837681525895452,4.837681525895452,12.6,15.45,13.75,0.22619047619047628,0.22619047619047628,0.09126984126984139,0.09126984126984139
SYNDIBANK,2016-04-21,20,dup,D,70.2,,,,,4751735,2080159.5,2.2843128135126176,2.2843128135126176,69.6,69.45,65.8,-0.0021551724137929273,-0.0021551724137929273,-0.054597701149425304,-0.054597701149425304
ADANIPORTS,2012-08-01,20,dup,D,120.9,,,,,4518020,651761.5,6.93201424140579,6.93201424140579,121.25,124.3,113.75,0.02515463917525773,0.02515463917525773,-0.061855670103092786,-0.061855670103092786
BHARTI,2015-03-11,20,up,B,389.55,367.95,367.95,0.0587036282103548,0.0587036282103548,12904845,3337210.0,3.8669562299046207,3.8669562299046207,389.45,382.25,411.95,-0.018487610733085136,-0.018487610733085136,0.05777378354089091,0.05777378354089091
ARROWGROUP,2015-10-05,20,up,B,81.6,80.1,80.1,0.01872659176029967,0.01872659176029967,3100372,1300107.0,2.3847052588748463,2.3847052588748463,81.9,79.3,84.3,-0.031746031746031855,-0.031746031746031855,0.0293040293040292,0.0293040293040292
TATACONSUM,2014-09-04,20,up,B,162.2,158.5,158.5,0.023343848580441584,0.023343848580441584,5685443,1584232.0,3.588769195420873,3.588769195420873,163.8,167.4,158.8,0.0219780219780219,0.0219780219780219,-0.030525030525030528,-0.030525030525030528
AXISBANK,2015-09-21,20,up,C,528.0,525.3,525.3,0.0051399200456883065,0.0051399200456883065,7516002,9655518.5,0.7784151622722281,0.7784151622722281,531.0,504.5,511.75,-0.04990583804143123,-0.04990583804143123,-0.03625235404896421,-0.03625235404896421
ADANIENT,2015-04-13,20,up,C,661.8,655.7,655.7,0.009303034924508014,0.009303034924508014,1597149,1256056.0,1.271558752157547,1.271558752157547,663.8,651.2,722.2,-0.018981620970171642,-0.018981620970171642,0.08797830671889129,0.08797830671889129
ADANIPOWER,2014-02-07,20,up,C,35.55,35.05,7.01,0.014265335235378096,0.014265335235377874,2941709,1982595.0,1.4837669821622672,1.4837669821622672,35.7,32.9,40.95,-0.07843137254901977,-0.07843137254901966,0.1470588235294117,0.1470588235294119
CHLORIDIND,2017-10-26,63,ddn,D,206.8,,,,,9381716,2014606.0,4.656849031522789,4.656849031522789,207.6,208.75,205.2,0.005539499036608886,0.005539499036608886,-0.011560693641618491,-0.011560693641618491
SHRIRAMFIN,2016-01-14,63,ddn,D,799.8,,,,,1206057,342702.0,3.519258714568342,3.519258714568342,799.95,741.05,786.65,-0.07362960185011569,-0.07362960185011569,-0.016626039127445535,-0.016626039127445424
BAJAUTOFIN,2017-11-30,63,ddn,D,1727.05,,,,,1304556,617834.5,2.1114974964978486,2.1114974964978486,1737.0,1676.3,1756.7,-0.03494530800230289,-0.03494530800230289,0.011341393206678152,0.011341393206678152
JINDALSTEL,2012-07-25,63,dn,B,395.8,412.9,412.9,-0.041414386049890894,-0.041414386049890894,4562354,1885311.5,2.4199470485381327,2.4199470485381327,399.0,400.0,396.85,0.0025062656641603454,0.0025062656641603454,-0.005388471177944831,-0.005388471177944831
JINDALSTEL,2013-02-20,63,dn,B,370.4,372.4,372.4,-0.00537056928034374,-0.00537056928034374,3970589,1410202.0,2.8156171952670612,2.8156171952670612,367.0,358.85,337.7,-0.022207084468664817,-0.022207084468664817,-0.0798365122615804,-0.0798365122615804
IDEA,2012-08-09,63,dn,B,72.3,74.0,74.0,-0.02297297297297296,-0.02297297297297296,6604561,1564188.5,4.222356193003592,4.222356193003592,73.0,75.6,80.2,0.03561643835616435,0.03561643835616435,0.09863013698630141,0.09863013698630141
CANBK,2015-09-07,63,dn,C,252.6,256.2,51.24,-0.014051522248243575,-0.014051522248243575,2142423,3880747.5,0.552064518498047,0.552064518498047,254.9,267.15,298.1,0.048058061985092104,0.048058061985092104,0.16947822675559054,0.16947822675559032
BSES,2014-09-08,63,dn,C,690.05,699.3,699.3,-0.013227513227513255,-0.013227513227513255,1770904,1791294.0,0.9886171672545099,0.9886171672545099,690.5,689.0,585.7,-0.0021723388848660097,-0.0021723388848660097,-0.15177407675597387,-0.15177407675597387
CRISIL,2013-09-02,63,dn,C,1093.25,1098.8,1098.8,-0.005050964688751325,-0.005050964688751325,5303,19003.5,0.27905385849975006,0.27905385849975006,1090.05,1098.35,1168.3,0.007614329617907423,0.007614329617907423,0.07178569790376588,0.07178569790376588
KSCL,2016-06-30,63,dup,D,444.3,,,,,828133,359660.0,2.3025440693988766,2.3025440693988766,446.0,438.0,390.95,-0.017937219730941756,-0.017937219730941756,-0.12343049327354261,-0.12343049327354261
HCC,2017-05-26,63,dup,D,42.7,,,,,13184461,5477916.0,2.406838841632475,2.406838841632475,42.8,43.7,39.85,0.02102803738317771,0.02102803738317771,-0.0689252336448597,-0.0689252336448597
BANKINDIA,2012-06-29,63,dup,D,347.05,,,,,969835,458615.0,2.1147040545991738,2.1147040545991738,348.95,351.95,290.45,0.008597220232124947,0.008597220232124947,-0.16764579452643646,-0.16764579452643646
DEWANHOUS,2014-11-03,63,up,B,378.6,369.35,184.675,0.02504399620955744,0.02504399620955744,1517759,251653.0,6.031157983413669,6.031157983413669,381.9,401.7,413.3,0.051846032992930224,0.051846032992930224,0.08222047656454579,0.08222047656454579
JETAIRWAYS,2017-02-22,63,up,B,423.85,419.45,419.45,0.010489927285731504,0.010489927285731504,6561265,1556453.5,4.215522660972525,4.215522660972525,424.8,419.95,492.55,-0.01141713747645956,-0.01141713747645956,0.1594868173258004,0.1594868173258004
GLOBALTELE,2012-02-10,63,up,B,49.45,49.15,49.15,0.006103763987792554,0.006103763987792554,3162484,1371980.0,2.3050510940392717,2.3050510940392717,49.9,57.95,49.1,0.16132264529058116,0.16132264529058116,-0.016032064128256418,-0.016032064128256418
CHLORIDIND,2015-08-14,63,up,C,159.6,159.45,159.45,0.0009407337723423836,0.0009407337723423836,1336182,1739123.0,0.7683079345164201,0.7683079345164201,159.25,154.3,148.1,-0.031083202511773877,-0.031083202511773877,-0.0700156985871272,-0.0700156985871272
ONGC,2016-07-01,63,up,C,225.0,221.8,147.86666666666667,0.014427412082957503,0.014427412082957503,5618947,2932360.5,1.9161856122396956,1.9161856122396956,229.5,225.0,218.8,-0.019607843137254943,-0.019607843137254943,-0.046623093681917194,-0.046623093681917194
CESC,2015-07-17,63,up,C,592.4,589.75,58.97500000000001,0.004493429419245354,0.004493429419245354,380123,251651.0,1.510516548712304,1.5105165487123038,605.0,569.55,592.95,-0.05859504132231408,-0.05859504132231419,-0.019917355371900758,-0.019917355371900758
